Book Id,Title,Author,Author l-f,Additional Authors,ISBN,ISBN13,My Rating,Average Rating,Publisher,Binding,Number of Pages,Year Published,Original Publication Year,Date Read,Date Added,Bookshelves,Bookshelves with positions,Exclusive Shelf,My Review,Spoiler,Private Notes,Read Count,Recommended For,Recommended By,Owned Copies,Original Purchase Date,Original Purchase Location,Condition,Condition Description,BCID
5241612,"Die Grenzen der Vernunft. Kognition, Intuition und komplexes Denken.",László Mérö,"Mérö, László",,"=""3499614197""","=""9783499614194""",0,4.33,Rowohlt Tb.,Paperback,,2002,2002,,2019/11/12,to-read,to-read (#129),to-read,,,,0,,,0,,,,,
7723797,Business Model Generation,Alexander Osterwalder,"Osterwalder, Alexander",Yves Pigneur,"=""2839906171""","=""9782839906173""",0,4.18,Alexander Osterwalder & Yves Pigneur,,273,2010,2010,,2019/11/09,currently-reading,currently-reading (#2),currently-reading,,,,1,,,0,,,,,
656,War and Peace,Leo Tolstoy,"Tolstoy, Leo","Henry Gifford, Aylmer Maude, Louise Maude","=""0192833987""","=""9780192833983""",0,4.11,Oxford University Press,Paperback,1392,1998,1867,,2018/03/17,to-read,to-read (#128),to-read,,,,0,,,0,,,,,
1973951,The Manipulated Man,Esther Vilar,"Vilar, Esther",,"=""0953096424""","=""9780953096428""",0,3.60,Pinter & Martin Ltd,Paperback,154,2005,1971,2019/11/09,2019/11/09,,,read,,,,1,,,0,,,,,
6320534,Under the Dome,Stephen King,"King, Stephen",,"=""1439148503""","=""9781439148501""",0,3.90,Scribner,Hardcover,1074,2009,2009,,2018/03/17,,,read,,,,0,,,0,,,,,
29438958,OSS 117 n'est pas aveugle,Jean Bruce,"Bruce, Jean",,"=""""","=""""",0,0.0,Presses de la Cité,Paperback,,,,,2018/03/17,,,read,,,,0,,,0,,,,,
10644930,11/22/63,Stephen King,"King, Stephen",,"=""1451627289""","=""9781451627282""",0,4.31,Scribner,Hardcover,849,2011,2011,,2018/03/17,,,read,,,,0,,,0,,,,,
37780109,Congo Requiem,Jean-Christophe Grangé,"Grangé, Jean-Christophe",,"=""""","=""9782253044741""",0,4.12,Livre de Poche,Paperback,859,2017,2016,,2018/01/16,,,read,,,,0,,,0,,,,,
30285430,Un fromage pour une souris,Jean Bruce,"Bruce, Jean",,"=""""","=""""",0,0.0,Presses de la Cité,Paperback,,1973,,,2018/03/17,,,read,,,,0,,,0,,,,,
135617,Les Contemplations,Victor Hugo,"Hugo, Victor",,"=""2080708430""","=""9782080708434""",0,4.12,,,471,,1856,,2018/03/17,,,read,,,,0,,,0,,,,,
1915472,Le Petit Chose,Alphonse Daudet,"Daudet, Alphonse",,"=""2266087614""","=""9782266087612""",0,3.72,Pocket,Poche,349,1998,1868,,2018/08/05,,,read,,,,0,,,0,,,,,
6318283,Desert,J.M.G. Le Clézio,"Clézio, J.M.G. Le",C. Dickson,"=""1567923860""","=""9781567923865""",0,3.69,David R. Godine Publisher,Hardcover,352,2009,1980,,2018/01/17,,,read,,,,0,,,0,,,,,
780581,Bel-Ami,Guy de Maupassant,"Maupassant, Guy de",Douglas Parmée,"=""0140443150""","=""9780140443158""",0,3.83,Penguin Books,Paperback,416,1975,1885,,2018/07/30,,,read,,,,0,,,0,,,,,
11486,The Color Purple,Alice Walker,"Walker, Alice",,"=""0671727796""","=""9780671727796""",0,4.20,Pocket,Paperback,295,2004,1982,,2017/09/19,,,read,,,,0,,,0,,,,,
44521,Kiss Kiss,Roald Dahl,"Dahl, Roald",,"=""0140018328""","=""9780140018325""",0,4.10,Penguin Books,Paperback,231,1987,1959,,2018/03/17,,,read,,,,0,,,0,,,,,
1378777,Le Sang du temps,Maxime Chattam,"Chattam, Maxime",,"=""2749902525""","=""9782749902524""",0,3.32,Michel Lafon,Hardcover,372,2005,2005,,2018/03/17,,,read,,,,0,,,0,,,,,
36586394,J'Irai cracher sur vos tombes,Boris Vian,"Vian, Boris",,"=""""","=""""",0,3.60,,Kindle Edition,136,2016,1946,,2018/03/17,,,read,,,,0,,,0,,,,,
220049,L'Étudiant étranger,Philippe Labro,"Labro, Philippe",,"=""2070380432""","=""9782070380435""",0,3.64,Folio,Mass Market Paperback,311,1988,1986,,2018/07/30,,,read,,,,0,,,0,,,,,
698305,Napoleon: The Emperor of Kings (Napoleon #3),Max Gallo,"Gallo, Max",,"=""033049001X""","=""9780330490016""",0,4.00,Macmillan U.K.,Paperback,602,2005,2000,,2018/07/30,,,read,,,,0,,,0,,,,,
245344,Structures: Or Why Things Don't Fall Down,J.E. Gordon,"Gordon, J.E.",,"=""0306812835""","=""9780306812835""",0,4.13,Da Capo Press,Paperback,395,2003,1978,,2017/09/13,to-read,to-read (#127),to-read,,,,0,,,0,,,,,
27036528,Ego Is the Enemy,Ryan Holiday,"Holiday, Ryan",,"=""1591847818""","=""9781591847816""",3,4.14,Portfolio,Hardcover,226,2016,2016,2019/11/02,2017/09/11,,,read,,,,1,,,0,,,,,
25698,An Inquiry into the Nature and Causes of the Wealth of Nations,Adam Smith,"Smith, Adam",,"=""0553585975""","=""9780553585971""",4,3.88,Arlington House,Leather Bound,1264,2003,1776,2019/11/01,2018/02/22,,,read,,,,1,,,0,,,,,
10483171,The Beginning of Infinity: Explanations That Transform the World,David Deutsch,"Deutsch, David",,"=""0670022756""","=""9780670022755""",0,4.12,Viking,Hardcover,487,2011,2011,,2019/10/22,to-read,to-read (#126),to-read,,,,0,,,0,,,,,
13629,The Mythical Man-Month: Essays on Software Engineering,Frederick P. Brooks Jr.,"Jr., Frederick P. Brooks",,"=""0201835959""","=""9780201835953""",4,4.05,Addison-Wesley Professional,Paperback,322,1995,1975,,2019/08/20,,,read,,,,1,,,0,,,,,
85009,Design Patterns: Elements of Reusable Object-Oriented Software,Erich Gamma,"Gamma, Erich","Ralph Johnson, John Vlissides, Richard Helm","=""0201633612""","=""9780201633610""",4,4.17,Addison-Wesley Professional,Hardcover,416,1994,1994,,2017/10/31,,,read,,,,1,,,0,,,,,
30186948,Think and Grow Rich,Napoleon Hill,"Hill, Napoleon",Ben Holden-Crowther,"=""""","=""""",4,4.18,,Paperback,233,2016,1937,2019/08/05,2018/09/15,,,read,,,,1,,,0,,,,,
47148164,J'ai vécu l'Everest,Pierre Paperon,"Paperon, Pierre",,"=""225919883X""","=""9782259198837""",4,4.00,Plon,Paperback,260,2003,,2019/08/05,2019/07/19,,,read,,,,1,,,0,,,,,
27491,The Evolution Of Desire: Strategies of Human Mating,David M. Buss,"Buss, David M.",,"=""046500802X""","=""9780465008025""",0,4.08,Basic Books,Paperback,354,2003,1994,,2019/07/21,to-read,to-read (#125),to-read,,,,0,,,0,,,,,
30474,The Communist Manifesto,Karl Marx,"Marx, Karl","Friedrich Engels, Gareth Stedman Jones","=""0140447571""","=""9780140447576""",3,3.55,Penguin Classics,Paperback,288,2002,1848,2019/07/16,2019/07/14,,,read,,,,1,,,0,,,,,
12544648,Cracking the Coding Interview: 150 Programming Questions and Solutions,Gayle Laakmann McDowell,"McDowell, Gayle Laakmann",,"=""1466208686""","=""9781466208681""",4,4.35,Createspace,Paperback,500,2011,2008,2019/07/14,2019/06/01,,,read,,,,1,,,0,,,,,
11468377,"Thinking, Fast and Slow",Daniel Kahneman,"Kahneman, Daniel",,"=""0374275637""","=""9780374275631""",5,4.14,"Farrar, Straus and Giroux",Hardcover,499,2011,2011,2019/07/14,2017/09/11,best,best (#13),read,,,,1,,,0,,,,,
29598815,Making Sense of Stream Processing,Martin Kleppmann,"Kleppmann, Martin",,"=""""","=""9781491940105""",0,4.34,O'Reilly Media,ebook,183,2016,,,2019/06/18,to-read,to-read (#124),to-read,,,,0,,,0,,,,,
6939570,"Lait, mensonges et propagande",Thierry Souccar,"Souccar, Thierry",,"=""2916878025""","=""9782916878027""",0,4.08,Axis Mediasciences,,,,2007,,2019/06/13,to-read,to-read (#123),to-read,,,,0,,,0,,,,,
44245196,The Great Mental Models: General Thinking Concepts,Shane Parrish,"Parrish, Shane",Rhiannon Beaubien,"=""""","=""""",0,4.08,Latticework Publishing Inc.,Kindle Edition,216,2019,,,2019/06/06,to-read,to-read (#122),to-read,,,,0,,,0,,,,,
41795733,Range: Why Generalists Triumph in a Specialized World,David   Epstein,"Epstein, David",,"=""0735214484""","=""9780735214484""",0,4.18,Riverhead Books,Hardcover,352,2019,2019,,2019/06/06,to-read,to-read (#121),to-read,,,,0,,,0,,,,,
55203,"The Mask of Command: Alexander the Great, Wellington, Ulysses S. Grant, Hitler, and the Nature of Leadership",John Keegan,"Keegan, John",,"=""0140114068""","=""9780140114065""",3,4.13,Penguin Books,Paperback,400,1988,1987,2019/06/03,2019/05/03,,,read,,,,1,,,0,,,,,
4934,The Brothers Karamazov,Fyodor Dostoyevsky,"Dostoyevsky, Fyodor","Richard Pevear, Larissa Volokhonsky","=""0374528373""","=""9780374528379""",0,4.32,"Farrar, Straus and Giroux",Paperback,796,2002,1879,,2017/09/19,to-read,to-read (#120),to-read,,,,0,,,0,,,,,
117031,On War,Carl von Clausewitz,"Clausewitz, Carl von","Michael Eliot Howard, Peter Paret","=""0691018545""","=""9780691018546""",0,3.98,Princeton University Press,Paperback,752,1989,1832,,2019/05/30,to-read,to-read (#119),to-read,,,,0,,,0,,,,,
39669805,"Enlightenment Now: The Case for Reason, Science, Humanism, and Progress",Steven Pinker,"Pinker, Steven",,"=""0141979097""","=""9780141979090""",3,4.23,Penguin,Paperback,576,2019,2018,2019/05/30,2019/05/11,,,read,,,,1,,,0,,,,,
37660235,Le mythe de Sisyphe,Albert Camus,"Camus, Albert",,"=""""","=""""",0,4.15,,Kindle Edition,123,2017,1942,2018/10/13,2018/10/12,,,read,,,,1,,,0,,,,,
12749,"Swann's Way (In Search of Lost Time, #1)",Marcel Proust,"Proust, Marcel",Lydia Davis,"=""0142437964""","=""9780142437964""",0,4.14,Penguin Classics,Paperback,492,2004,1913,,2019/01/04,to-read,to-read (#118),to-read,,,,0,,,0,,,,,
43205240,"Working: Researching, Interviewing, Writing",Robert A. Caro,"Caro, Robert A.",,"=""0525656340""","=""9780525656340""",0,4.43,Penguin Random House,Hardcover,231,2019,2019,,2019/05/16,to-read,to-read (#117),to-read,,,,0,,,0,,,,,
11127,"The Chronicles of Narnia (Chronicles of Narnia, #1-7)",C.S. Lewis,"Lewis, C.S.",Pauline Baynes,"=""0066238501""","=""9780066238500""",4,4.26,HarperCollins,Paperback,767,2002,1956,,2019/05/16,,,read,,,,1,,,0,,,,,
15823480,Anna Karenina,Leo Tolstoy,"Tolstoy, Leo","Aylmer Maude, Louise Maude, George Gibian","=""""","=""""",0,4.04,Vintage,Paperback,964,2012,1877,,2019/05/16,to-read,to-read (#116),to-read,,,,0,,,0,,,,,
3869,A Brief History of Time,Stephen Hawking,"Hawking, Stephen",,"=""0553380168""","=""9780553380163""",5,4.17,Bantam Books,Paperback,212,1998,1988,2019/05/11,2017/09/12,best,best (#12),read,,,,1,,,0,,,,,
37832035,Psychologie des foules,Gustave Le Bon,"Bon, Gustave Le",,"=""""","=""""",0,4.10,HardPress,Kindle Edition,152,,,,2019/05/03,to-read,to-read (#115),to-read,,,,0,,,0,,,,,
5129,Brave New World,Aldous Huxley,"Huxley, Aldous",,"=""0060929871""","=""9780060929879""",3,3.98,HarperPerennial / Perennial Classics,Paperback,288,1998,1932,2019/04/12,2018/01/25,,,read,,,,1,,,0,,,,,
51893,Thus Spoke Zarathustra,Friedrich Nietzsche,"Nietzsche, Friedrich",Walter Kaufmann,"=""""","=""""",2,4.06,Penguin Books,Paperback,327,1978,1883,2019/04/12,2019/04/12,,,read,,,,1,,,0,,,,,
23463279,Designing Data-Intensive Applications,Martin Kleppmann,"Kleppmann, Martin",,"=""""","=""""",0,4.72,O'Reilly,ebook,562,,2015,,2018/01/29,currently-reading,currently-reading (#1),currently-reading,,,,1,,,0,,,,,
106835,The Intelligent Investor,Benjamin Graham,"Graham, Benjamin","Jason Zweig, Warren Buffett","=""0060555661""","=""9780060555665""",0,4.23,HarperBusiness,Paperback,623,2006,1949,,2019/02/22,to-read,to-read (#114),to-read,,,,0,,,0,,,,,
23546676,Digital Gold: Bitcoin and the Inside Story of the Misfits and Millionaires Trying to Reinvent Money,Nathaniel Popper,"Popper, Nathaniel",,"=""0062362496""","=""9780062362490""",0,4.17,Harper,Hardcover,416,2015,2015,,2019/02/22,to-read,to-read (#113),to-read,,,,0,,,0,,,,,
567610,How to Read a Book: The Classic Guide to Intelligent Reading,Mortimer J. Adler,"Adler, Mortimer J.",Charles Van Doren,"=""""","=""""",0,4.01,"Simon & Schuster, Inc",Paperback,426,1972,1940,,2019/01/09,to-read,to-read (#112),to-read,,,,0,,,0,,,,,
426504,Ficciones,Jorge Luis Borges,"Borges, Jorge Luis","Anthony Kerrigan, Anthony Bonner","=""0802130305""","=""9780802130303""",0,4.45,Grove Press,Paperback,174,1994,1944,,2019/01/06,to-read,to-read (#111),to-read,,,,0,,,0,,,,,
865,The Alchemist,Paulo Coelho,"Coelho, Paulo","Alan R. Clarke, Özdemir İnce","=""0061122416""","=""9780061122415""",0,3.86,HarperCollins,Paperback,197,1993,1988,,2019/01/06,to-read,to-read (#110),to-read,,,,0,,,0,,,,,
320,One Hundred Years of Solitude,Gabriel García Márquez,"Márquez, Gabriel García",Gregory Rabassa,"=""""","=""""",0,4.06,Harper,Hardcover,417,2003,1967,,2019/01/06,to-read,to-read (#109),to-read,,,,0,,,0,,,,,
36689737,21 Lessons for the 21st Century,Yuval Noah Harari,"Harari, Yuval Noah",,"=""1787330877""","=""9781787330870""",5,4.19,Jonathan Cape,Paperback,368,2018,2018,2019/01/04,2018/12/26,best,best (#11),read,,,,1,,,0,,,,,
12075,Tractatus Logico-Philosophicus,Ludwig Wittgenstein,"Wittgenstein, Ludwig","David Pears, Brian McGuinness, Bertrand Russell","=""0415254086""","=""9780415254083""",3,4.06,Routledge Classics,Paperback,142,2001,1921,2019/01/04,2018/12/24,,,read,,,,1,,,0,,,,,
13589182,Mastery,Robert Greene,"Greene, Robert",,"=""0670024961""","=""9780670024964""",4,4.29,Viking,Hardcover,318,2012,2012,2019/01/04,2018/10/22,,,read,,,,1,,,0,,,,,
174713,The Lessons of History,Will Durant,"Durant, Will",Ariel Durant,"=""1567310249""","=""9781567310245""",5,4.14,"Fine Communications,US",Hardcover,119,1997,1968,2018/12/27,2018/08/28,best,best (#10),read,,,,1,,,0,,,,,
592167,The Conquest of Gaul,Gaius Julius Caesar,"Caesar, Gaius Julius","S.A. Handford, Jane F. Gardner, Aulus Hirtius","=""0140444335""","=""9780140444339""",5,3.99,Penguin Classics,Paperback,269,1982,-50,2018/12/22,2018/12/11,,,read,,,,1,,,0,,,,,
20938907,La sagesse selon Confucius,Confucius,"Confucius, Confucius",,"=""""","=""""",2,3.38,Editions ASAP,Kindle Edition,27,2012,2012,2018/12/22,2018/12/20,,,read,,,,1,,,0,,,,,
186371,The Short Reign of Pippin IV,John Steinbeck,"Steinbeck, John",,"=""0141186054""","=""9780141186054""",4,3.52,Penguin Classics,Paperback,192,2001,1957,2018/12/18,2018/12/16,,,read,,,,1,,,0,,,,,
40961427,1984,George Orwell,"Orwell, George",,"=""""","=""""",5,4.17,Houghton Mifflin Harcourt,Kindle Edition,237,2013,1949,2018/11/28,2018/11/16,,,read,,,,1,,,0,,,,,
28862,The Prince,Niccolò Machiavelli,"Machiavelli, Niccolò","Rufus Goodwin, Benjamin Martinez","=""0937832383""","=""9780937832387""",5,3.81,Dante University of America Press,Paperback,140,2003,1513,2018/12/09,2018/12/05,,,read,,,,1,,,0,,,,,
18634307,The Rational Male,Rollo Tomassi,"Tomassi, Rollo",,"=""1492777862""","=""9781492777861""",0,4.24, CreateSpace,Paperback,300,2013,2013,,2018/12/09,to-read,to-read (#108),to-read,,,,0,,,0,,,,,
33792485,JWT Handbook,Sebástian Peyrott,"Peyrott, Sebástian",,"=""""","=""""",3,3.33,,ebook,118,,,2018/12/09,2018/12/05,,,read,,,,1,,,0,,,,,
103061,Apologie de Socrate/Criton,Plato,"Plato, Plato",Luc Brisson,"=""2080708481""","=""9782080708489""",5,3.82,Flammarion,Paperback,262,1999,-390,2018/12/01,2018/12/01,,,read,,,,1,,,0,,,,,
4461869,Why Don't We Learn from History?,B.H. Liddell Hart,"Hart, B.H. Liddell",Hermon Ould,"=""004900025X""","=""9780049000254""",0,3.87,George Allen & Unwin Ltd. (London) ,Hardcover,68,1972,1944,,2018/11/22,to-read,to-read (#107),to-read,,,,0,,,0,,,,,
30659,Meditations,Marcus Aurelius,"Aurelius, Marcus","Martin Hammond, Albert Wittstock, Diskin Clay","=""0140449337""","=""9780140449334""",3,4.23,Penguin Books,Paperback,303,2006,180,2018/11/16,2018/08/28,,,read,,,,1,,,0,,,,,
74176,The Protestant Ethic and the Spirit of Capitalism,Max Weber,"Weber, Max","Michael D. Coe, Talcott Parsons, R.H. Tawney","=""048642703X""","=""9780486427034""",0,3.89,Dover Publications,Paperback,320,2003,1904,,2018/11/15,to-read,to-read (#106),to-read,,,,0,,,0,,,,,
15014,Crucial Conversations: Tools for Talking When Stakes Are High,Kerry Patterson,"Patterson, Kerry","Joseph Grenny, Ron McMillan, Al Switzler, Stephen R. Covey","=""0071401946""","=""9780071401944""",0,4.02,McGraw-Hill Education,Paperback,240,2002,2001,,2018/11/11,to-read,to-read (#105),to-read,,,,0,,,0,,,,,
1421128,De La Brièveté De La Vie,Seneca,"Seneca, Seneca",Sénèque,"=""2842053257""","=""9782842053253""",4,4.24,Éditions Mille et une nuits,,63,1998,49,2018/11/11,2018/11/09,,,read,,,,1,,,0,,,,,
6970096,L'allemand pour les nuls + CD audio,Paulina Christensen,"Christensen, Paulina",Anne Fox,"=""2754000380""","=""9782754000383""",4,3.64,First,Paperback,400,2005,2000,2018/11/08,2018/10/06,,,read,,,,1,,,0,,,,,
30965703,Homo Deus: A Brief History of Tomorrow,Yuval Noah Harari,"Harari, Yuval Noah",,"=""1784703931""","=""9781784703936""",5,4.27,Vintage,Paperback,513,2017,2015,2018/07/20,2018/02/22,best,best (#9),read,,,,1,,,0,,,,,
989745,The Improvement of the Mind: A Supplement to Logic: With a Discourse on the Education of Children and Youth,Isaac Watts,"Watts, Isaac",,"=""1573580864""","=""9781573580861""",0,4.07,Soli Deo Gloria Ministries,Hardcover,,,2004,,2018/11/08,to-read,to-read (#104),to-read,,,,0,,,0,,,,,
1580666,Energy in Nature and Society: General Energetics of Complex Systems,Vaclav Smil,"Smil, Vaclav",,"=""0262693569""","=""9780262693561""",0,4.16,Mit Press,Paperback,,2008,2007,,2018/11/07,to-read,to-read (#103),to-read,,,,0,,,0,,,,,
632909,Feeding the World,Vaclav Smil,"Smil, Vaclav",,"=""0262692716""","=""9780262692717""",0,4.21,Mit Press,Paperback,392,2001,2000,,2018/11/07,to-read,to-read (#102),to-read,,,,0,,,0,,,,,
7412,Creating the Twentieth Century: Technical Innovations of 1867-1914 and Their Lasting Impact,Vaclav Smil,"Smil, Vaclav",,"=""0195168747""","=""9780195168747""",0,4.19,"Oxford University Press, USA",Hardcover,350,2005,2004,,2018/11/07,to-read,to-read (#101),to-read,,,,0,,,0,,,,,
31850765,Energy and Civilization: A History,Vaclav Smil,"Smil, Vaclav",,"=""0262035774""","=""9780262035774""",0,4.07,Mit Press,Hardcover,568,2017,2017,,2018/11/07,to-read,to-read (#100),to-read,,,,0,,,0,,,,,
10534,The Art of War,Sun Tzu,"Tzu, Sun",Thomas Cleary,"=""1590302257""","=""9781590302255""",3,3.97,Shambhala,Paperback,273,2005,-500,2018/10/22,2017/09/19,,,read,,,,1,,,0,,,,,
25133668,EAT : Chroniques d'un fauve dans la jungle alimentaire,Gilles Lartigot,"Lartigot, Gilles",,"=""2981413600""","=""9782981413604""",4,4.38,Les éditions Winterfields,Hardcover,320,2013,2013,2018/11/04,2018/08/02,,,read,,,,1,,,0,,,,,
22463,The Origin of Species,Charles Darwin,"Darwin, Charles",,"=""0785819118""","=""9780785819110""",5,3.98,Castle Books,Hardcover,703,2004,1859,2018/11/01,2018/10/14,best,best (#8),read,,,,1,,,0,,,,,
13549859,Joe Weider's Bodybuilding System,Joe Weider,"Weider, Joe",,"=""8385486038""","=""""",0,4.52,AGENCJA WYDAWNICZA 'COMES' LIDIA I ANDRZEJ SKARŻYŃSCY,Paperback,150,1998,1991,,2018/11/04,to-read,to-read (#99),to-read,,,,0,,,0,,,,,
30292,"Five Dialogues: Euthyphro, Apology, Crito, Meno, Phaedo",Plato,"Plato, Plato","G.M.A. Grube, John M. Cooper","=""0872206335""","=""9780872206335""",0,4.12,"Hackett Publishing Company, Inc.",Paperback,156,2002,-385,,2018/11/02,to-read,to-read (#98),to-read,,,,0,,,0,,,,,
6427100,Lettre d'une inconnue,Stefan Zweig,"Zweig, Stefan",,"=""2234063116""","=""9782234063112""",5,4.16,Stock,Paperback,120,2009,1922,2018/10/30,2018/10/30,,,read,,,,1,,,0,,,,,
19809,The Last Lion: Winston Spencer Churchill: Visions of Glory 1874-1932,William Manchester,"Manchester, William",,"=""0385313489""","=""9780385313483""",0,4.42,Delta,Paperback,992,1984,1983,,2018/10/27,to-read,to-read (#97),to-read,,,,0,,,0,,,,,
25744928,Deep Work: Rules for Focused Success in a Distracted World,Cal Newport,"Newport, Cal",,"=""1455586692""","=""9781455586691""",0,4.20,Grand Central Publishing,Hardcover,296,2016,2016,,2018/10/26,to-read,to-read (#96),to-read,,,,0,,,0,,,,,
39996759,A Philosophy of Software Design,John Ousterhout,"Ousterhout, John",,"=""1732102201""","=""9781732102200""",0,4.09,Yaknyam Press,Paperback,190,2018,,,2018/10/25,to-read,to-read (#95),to-read,,,,0,,,0,,,,,
36517037,Software Design X-Rays: Fix Technical Debt with Behavioral Code Analysis,Adam Tornhill,"Tornhill, Adam",,"=""""","=""9781680502725""",0,4.03,Pragmatic Bookshelf,Paperback,200,2018,,,2018/10/25,to-read,to-read (#94),to-read,,,,0,,,0,,,,,
35167685,"""Surely You're Joking, Mr. Feynman!"": Adventures of a Curious Character",Richard P. Feynman,"Feynman, Richard P.",Ralph Leighton,"=""0393355624""","=""9780393355628""",2,4.28,W. W. Norton  Company,Paperback,400,2018,1985,2018/10/21,2018/10/14,,,read,,,,1,,,0,,,,,
59486,Fouché,Stefan Zweig,"Zweig, Stefan","Alzir Hella, Olivier Bournac","=""2253147966""","=""9782253147961""",5,4.44,LGF,Paperback,284,2000,1929,2018/10/21,2017/09/11,,,read,,,,1,,,0,,,,,
5297,The Picture of Dorian Gray,Oscar Wilde,"Wilde, Oscar",Jeffrey Eugenides,"=""0375751513""","=""9780375751516""",3,4.07,Random House: Modern Library,Paperback,272,2004,1890,2018/10/18,2017/09/23,,,read,,,,1,,,0,,,,,
25008661,The Rust Programming Language,Steve Klabnik,"Klabnik, Steve",,"=""""","=""""",4,4.34,Mozilla Research,ebook,347,,,2018/10/17,2018/05/24,,,read,,,,1,,,0,,,,,
10883,Benjamin Franklin: An American Life,Walter Isaacson,"Isaacson, Walter",,"=""074325807X""","=""9780743258074""",0,3.99,Simon & Schuster,Paperback,586,2004,2003,,2018/10/17,to-read,to-read (#93),to-read,,,,0,,,0,,,,,
52309,The Autobiography of Benjamin Franklin,Benjamin Franklin,"Franklin, Benjamin",Lewis Leary,"=""0743255062""","=""9780743255066""",0,3.83,Touchstone,Paperback,160,2004,1791,,2018/10/17,to-read,to-read (#92),to-read,,,,0,,,0,,,,,
41611,Hard Drive: Bill Gates and the Making of the Microsoft Empire,James Wallace,"Wallace, James",Jim  Erickson,"=""0887306292""","=""9780887306297""",0,4.10,HarperCollins,Paperback,426,1993,1992,,2018/10/17,to-read,to-read (#91),to-read,,,,0,,,0,,,,,
1995421,Seeking Wisdom: From Darwin To Munger,Peter Bevelin,"Bevelin, Peter",,"=""1578644283""","=""9781578644285""",0,4.38,Post Scriptum AB,Hardcover,318,2007,2003,,2018/10/17,to-read,to-read (#90),to-read,,,,0,,,0,,,,,
66863,Only the Paranoid Survive. Lessons from the CEO of INTEL Corporation,Andrew S. Grove,"Grove, Andrew S.",,"=""1861975139""","=""9781861975133""",0,3.99,Profile Business,Paperback,224,1998,1988,,2018/10/17,to-read,to-read (#89),to-read,,,,0,,,0,,,,,
16121,"Titan: The Life of John D. Rockefeller, Sr.",Ron Chernow,"Chernow, Ron",,"=""1400077303""","=""9781400077304""",0,4.20,Vintage,Paperback,832,2004,1997,,2018/10/17,to-read,to-read (#88),to-read,,,,0,,,0,,,,,
13435889,"How Children Succeed: Grit, Curiosity, and the Hidden Power of Character",Paul Tough,"Tough, Paul",,"=""0547564651""","=""9780547564654""",0,3.90,Houghton Mifflin Harcourt,Hardcover,256,2012,2012,,2018/10/17,to-read,to-read (#87),to-read,,,,0,,,0,,,,,
1842,"Guns, Germs, and Steel: The Fates of Human Societies",Jared Diamond,"Diamond, Jared",,"=""0739467352""","=""9780739467350""",0,4.03,W.W. Norton & Company,Paperback,425,2005,1997,,2018/10/17,to-read,to-read (#86),to-read,,,,0,,,0,,,,,
281544,Andrew Carnegie,Joseph Frazier Wall,"Wall, Joseph Frazier",,"=""0822959046""","=""9780822959045""",0,3.90,University of Pittsburgh Press,Paperback,1168,1989,1970,,2018/10/17,to-read,to-read (#85),to-read,,,,0,,,0,,,,,
755105,Ice Age,John Gribbin,"Gribbin, John",Mary Gribbin,"=""0141007303""","=""9780141007304""",0,4.01,Penguin Books Ltd,Hardcover,112,2003,2001,,2018/10/17,to-read,to-read (#84),to-read,,,,0,,,0,,,,,
587906,Deep Simplicity: Bringing Order to Chaos and Complexity,John Gribbin,"Gribbin, John",,"=""140006256X""","=""9781400062560""",0,3.92,Random House,Hardcover,279,2005,2004,,2018/10/17,to-read,to-read (#83),to-read,,,,0,,,0,,,,,
18240286,"Faraday, Maxwell, and the Electromagnetic Field: How Two Men Revolutionized Physics",Nancy  Forbes,"Forbes, Nancy",Basil Mahon,"=""1616149426""","=""9781616149420""",0,4.25,Prometheus Books,Hardcover,320,2014,2014,,2018/10/17,to-read,to-read (#82),to-read,,,,0,,,0,,,,,
183392,It's Your Ship: Management Techniques from the Best Damn Ship in the Navy,D. Michael Abrashoff,"Abrashoff, D. Michael",,"=""0446529117""","=""9780446529112""",0,4.11,Grand Central Publishing,Hardcover,212,2002,2002,,2018/10/17,to-read,to-read (#81),to-read,,,,0,,,0,,,,,
37545698,Die Liebe der Erika Ewald,Stefan Zweig,"Zweig, Stefan",,"=""""","=""""",4,3.47,Musaicum Books,Kindle Edition,,2017,1904,2018/03/17,2018/01/16,,,read,,,,1,,,0,,,,,
41804,"I, Robot (Robot, #0.1)",Isaac Asimov,"Asimov, Isaac",,"=""0553803700""","=""9780553803709""",5,4.19,Spectra,Hardcover,224,2004,1950,,2017/09/11,to-read,to-read (#80),to-read,,,,1,,,0,,,,,
268266,Thinking Physics: Understandable Practical Reality,Lewis Carroll Epstein,"Epstein, Lewis Carroll",,"=""0935218084""","=""9780935218084""",0,4.40,Insight Press,Paperback,582,2002,1989,,2018/10/14,to-read,to-read (#79),to-read,,,,0,,,0,,,,,
25329850,Thing Explainer: Complicated Stuff in Simple Words,Randall Munroe,"Munroe, Randall",,"=""0544668251""","=""9780544668256""",0,4.15,Houghton Mifflin Harcourt,Hardcover,64,2015,2015,,2018/10/14,to-read,to-read (#78),to-read,,,,0,,,0,,,,,
2539374,"Über Sigmund Freud: Porträt, Briefwechsel, Gedenkworte",Stefan Zweig,"Zweig, Stefan",,"=""3596292409""","=""9783596292400""",0,4.05,Fischer,Hardcover,251,2002,1931,,2018/10/14,to-read,to-read (#77),to-read,,,,0,,,0,,,,,
25734172,Seven Brief Lessons on Physics,Carlo Rovelli,"Rovelli, Carlo","Simon Carnell, Erica Segre","=""0399184414""","=""9780399184413""",0,3.96,Riverhead Books,Hardcover,81,2016,2014,,2018/10/14,to-read,to-read (#76),to-read,,,,0,,,0,,,,,
31823677,"Tools of Titans: The Tactics, Routines, and Habits of Billionaires, Icons, and World-Class Performers",Timothy Ferriss,"Ferriss, Timothy",Arnold Schwarzenegger,"=""""","=""""",0,4.17,Houghton Mifflin Harcourt,Kindle Edition,707,2016,2016,,2018/10/14,to-read,to-read (#75),to-read,,,,0,,,0,,,,,
98685,Genius: The Life and Science of Richard Feynman,James Gleick,"Gleick, James",Richard P. Feynman,"=""0679747044""","=""9780679747048""",0,4.15,Vintage,Paperback,531,1993,1992,,2018/10/14,to-read,to-read (#74),to-read,,,,0,,,0,,,,,
20527133,"Superintelligence: Paths, Dangers, Strategies",Nick Bostrom,"Bostrom, Nick",,"=""0199678111""","=""9780199678112""",0,3.87,"Oxford University Press, USA",Hardcover,328,2014,2014,,2018/10/14,to-read,to-read (#73),to-read,,,,0,,,0,,,,,
5553,Six Easy Pieces: Essentials of Physics By Its Most Brilliant Teacher,Richard P. Feynman,"Feynman, Richard P.",,"=""0465023924""","=""9780465023929""",0,4.20,Basic Books,Paperback,138,1995,1962,,2018/10/14,to-read,to-read (#72),to-read,,,,0,,,0,,,,,
23121224,Petit traité de manipulation à l'usage des honnêtes gens,Robert-Vincent Joule,"Joule, Robert-Vincent",Jean-Léon Beauvois,"=""2706118857""","=""9782706118852""",3,3.89,PRESSES UNIVERSITAIRE DE GRENOBLE,,320,2014,1997,2018/10/13,2017/09/11,,,read,,,,2,,,0,,,,,
1312606,La Peau de chagrin,Honoré de Balzac,"Balzac, Honoré de",,"=""2253006300""","=""9782253006305""",2,3.83,Le Livre de Poche,Mass Market Paperback,407,1984,1831,2018/10/12,2018/07/30,,,read,,,,1,,,0,,,,,
52036,Siddhartha,Hermann Hesse,"Hesse, Hermann",Hilda Rosner,"=""""","=""""",0,4.02,Bantam Books,Mass Market Paperback,152,1981,1922,,2018/08/28,to-read,to-read (#71),to-read,,,,0,,,0,,,,,
15645,Inferno (The Divine Comedy #1),Dante Alighieri,"Alighieri, Dante",Anthony M. Esolen,"=""0812970063""","=""9780812970067""",0,4.00,Modern Library,Paperback,490,2003,1307,,2018/08/28,to-read,to-read (#70),to-read,,,,0,,,0,,,,,
24618,"The Art of Living: The Classical Manual on Virtue, Happiness and Effectiveness",Epictetus,"Epictetus, Epictetus",Sharon Lebell,"=""006251346X""","=""9780062513465""",0,4.23,HarperOne,Paperback,128,2004,125,,2018/08/28,to-read,to-read (#69),to-read,,,,0,,,0,,,,,
4069,Man's Search for Meaning,Viktor E. Frankl,"Frankl, Viktor E.","Harold S. Kushner, William J. Winslade, Isle Lasch","=""080701429X""","=""9780807014295""",0,4.36,Beacon Press,Paperback,165,2006,1946,,2018/08/28,to-read,to-read (#68),to-read,,,,0,,,0,,,,,
33514,The Elements of Style,William Strunk Jr.,"Jr., William Strunk",E.B. White,"=""0205313426""","=""9780205313426""",0,4.20,Pearson,Hardcover,128,1999,1918,,2018/08/28,to-read,to-read (#67),to-read,,,,0,,,0,,,,,
1213058,"Une Vie, A Piece Of String And Other Stories",Guy de Maupassant,"Maupassant, Guy de",,"=""1592245668""","=""9781592245666""",3,3.96,Wildside Press,Hardcover,,2003,2003,2018/08/25,2018/08/05,,,read,,,,1,,,0,,,,,
1915501,La guerre de Troie n'aura pas lieu,Jean Giraudoux,"Giraudoux, Jean",,"=""2253004898""","=""9782253004899""",3,3.84,Grasset,Mass Market Paperback,185,1972,1935,2018/08/05,2018/08/05,,,read,,,,1,,,0,,,,,
141828,L'Écume des jours,Boris Vian,"Vian, Boris",,"=""2253140872""","=""9782253140870""",3,4.00,Le Livre de Poche,Paperback,351,1997,1947,2018/08/05,2017/10/14,,,read,,,,1,,,0,,,,,
135479,Cat's Cradle,Kurt Vonnegut,"Vonnegut, Kurt",,"=""0140285601""","=""9780140285604""",0,4.16,Penguin,Paperback,306,1999,1963,,2018/08/04,to-read,to-read (#66),to-read,,,,0,,,0,,,,,
27737,La Cantatrice chauve / La Leçon,Eugène Ionesco,"Ionesco, Eugène",,"=""2070362361""","=""9782070362363""",4,3.90,Gallimard,Mass Market Paperback,150,1972,1970,2018/07/31,2018/07/30,,,read,,,,1,,,0,,,,,
1393713,La Confusion des sentiments,Stefan Zweig,"Zweig, Stefan","Olivier Bournac, جواد شیخ‌الاسلامی, Alzir Hella","=""2253061433""","=""9782253061434""",0,4.06,Le Livre de Poche,Mass Market Paperback,124,2008,1927,,2018/07/31,to-read,to-read (#65),to-read,,,,0,,,0,,,,,
239154,Les Justes,Albert Camus,"Camus, Albert",,"=""""","=""""",3,3.99,Folio,Mass Market Paperback,152,1999,1949,2018/07/30,2018/07/28,,,read,,,,1,,,0,,,,,
5552,QED: The Strange Theory of Light and Matter,Richard P. Feynman,"Feynman, Richard P.",,"=""0691024170""","=""9780691024172""",0,4.24,Princeton University Press,Paperback,158,1988,1985,,2018/07/30,to-read,to-read (#64),to-read,,,,0,,,0,,,,,
943866,"Napoleon: The Immortal of St Helena (Napoleon, #4)",Max Gallo,"Gallo, Max",,"=""0330490044""","=""9780330490047""",0,3.93,Pan Books,Paperback,320,2005,1997,,2018/07/30,to-read,to-read (#63),to-read,,,,0,,,0,,,,,
147563,Napoleon: The Sun of Austerlitz (Napoleon #2),Max Gallo,"Gallo, Max",William Hobson,"=""0330490036""","=""9780330490030""",0,3.88,Macmillan UK,Paperback,523,2004,1997,,2018/07/30,to-read,to-read (#62),to-read,,,,0,,,0,,,,,
1469799,"Napoleon: The Song of Departure (Napoleon, #1)",Max Gallo,"Gallo, Max",,"=""0330490028""","=""9780330490023""",0,3.94,Pan Macmillan,Paperback,410,2004,1997,,2018/07/30,to-read,to-read (#61),to-read,,,,0,,,0,,,,,
395525,A French Genocide: The Vendee,Reynald Secher,"Secher, Reynald",George Holoch,"=""0268028656""","=""9780268028657""",0,4.14,University of Notre Dame Press,Hardcover,305,2003,1986,,2018/07/30,to-read,to-read (#60),to-read,,,,0,,,0,,,,,
594887,Le Moine et le philosophe,Matthieu Ricard,"Ricard, Matthieu",Jean-François Revel,"=""2266079905""","=""9782266079907""",0,4.13,Pocket,Mass Market Paperback,410,1999,1997,,2018/07/30,to-read,to-read (#59),to-read,,,,0,,,0,,,,,
35696171,"Enlightenment Now: The Case for Reason, Science, Humanism, and Progress",Steven Pinker,"Pinker, Steven",,"=""0525427570""","=""9780525427575""",0,4.23,Viking,Hardcover,576,2018,2018,,2018/07/27,to-read,to-read (#58),to-read,,,,0,,,0,,,,,
835810,L'Insoutenable légèreté de l'être,François Kérel,"Kérel, François",Milan Kundera,"=""""","=""""",5,4.10,Gallimard,Mass Market Paperback,475,1990,1984,2018/07/24,2018/07/20,,,read,,,,1,,,0,,,,,
7613,Animal Farm,George Orwell,"Orwell, George",,"=""0452284244""","=""9780452284241""",3,3.92,NAL,Paperback,122,2003,1945,2018/07/20,2017/09/12,,,read,,,,1,,,0,,,,,
751275,Vingt-quatre heures de la vie d'une femme,Stefan Zweig,"Zweig, Stefan","Olivier Bournac, Alzir Hella","=""2253060224""","=""9782253060222""",3,3.95,Le Livre de Poche,Mass Market Paperback,158,1992,1925,2018/07/09,2018/06/27,,,read,,,,1,,,0,,,,,
1213061,Contes de la Bécasse,Guy de Maupassant,"Maupassant, Guy de",,"=""2070409244""","=""9782070409242""",4,3.71,Editions Gallimard,Mass Market Paperback,240,1999,1883,2018/06/27,2018/06/21,,,read,,,,1,,,0,,,,,
3735293,Clean Code: A Handbook of Agile Software Craftsmanship,Robert C. Martin,"Martin, Robert C.",,"=""0132350882""","=""9780132350884""",0,4.40,Prentice Hall,Paperback,434,2008,2007,,2018/06/26,to-read,to-read (#4),to-read,,,,0,,,0,,,,,
74882,Boule de Suif (21 contes),Guy de Maupassant,"Maupassant, Guy de",,"=""2253009636""","=""9782253009634""",5,3.79,Albin Michel,Paperback,253,1984,1880,2018/05/29,2018/05/24,,,read,,,,1,,,0,,,,,
203220,Les Fleurs du Mal,Charles Baudelaire,"Baudelaire, Charles",Richard Howard,"=""0879234628""","=""9780879234621""",2,4.26,David R. Godine Publisher,Paperback,365,1983,1857,2018/02/20,2018/01/17,,,read,,,,1,,,0,,,,,
629429,The World of Yesterday,Stefan Zweig,"Zweig, Stefan","Harry Zohn, Анна Лилова","=""0803252242""","=""9780803252240""",5,4.47,University of Nebraska Press,Paperback,461,1964,1941,,2018/03/13,best,best (#3),read,,,,1,,,0,,,,,
4406,East of Eden,John Steinbeck,"Steinbeck, John",,"=""0142000655""","=""9780142000656""",5,4.37,Penguin Books,Paperback,601,2002,1952,2018/05/23,2017/09/11,best,best (#7),read,,,,1,,,0,,,,,
16253895,Elements of Programming Interviews: The Insiders' Guide C++,Adnan Aziz,"Aziz, Adnan","Amit Prakash, Tsung-Hsien Lee","=""1479274836""","=""9781479274833""",0,4.28,Createspace Independent Publishing Platform,Paperback,480,2012,2012,,2018/03/24,to-read,to-read (#57),to-read,,,,0,,,0,,,,,
25707092,Cracking the Coding Interview: 189 Programming Questions and Solutions,Gayle Laakmann McDowell,"McDowell, Gayle Laakmann",,"=""0984782850""","=""9780984782857""",0,4.35,Careercup,Paperback,708,2015,2008,,2018/03/24,to-read,to-read (#56),to-read,,,,0,,,0,,,,,
94498,La Mort est mon métier,Robert Merle,"Merle, Robert",,"=""2070367894""","=""9782070367894""",0,4.34,Gallimard,Mass Market Paperback,369,1972,1952,,2018/03/19,to-read,to-read (#55),to-read,,,,0,,,0,,,,,
1393700,Le Loup des steppes,Hermann Hesse,"Hesse, Hermann",Alexandra Cade,"=""2253002933""","=""9782253002932""",0,4.12,Le Livre de Poche,Mass Market Paperback,313,2005,1927,,2018/03/17,to-read,to-read (#54),to-read,,,,0,,,0,,,,,
770754,La Peste,Albert Camus,"Camus, Albert",,"=""""","=""""",4,3.98,Folio,Mass Market Paperback,279,1972,1947,2018/03/17,2018/01/16,,,read,,,,1,,,0,,,,,
466405,La Nuit des temps,René Barjavel,"Barjavel, René",,"=""""","=""""",0,4.13,Pocket,Mass Market Paperback,394,1988,1968,,2018/03/13,to-read,to-read (#53),to-read,,,,0,,,0,,,,,
28815,Influence: The Psychology of Persuasion,Robert B. Cialdini,"Cialdini, Robert B.",,"=""006124189X""","=""9780061241895""",5,4.18,HarperBusiness,Paperback,320,2006,1984,,2017/09/11,best,best (#6),read,,,,1,,,0,,,,,
837039,"Empire of the Ants (La Saga des Fourmis, #1)",Bernard Werber,"Werber, Bernard",,"=""0553573527""","=""9780553573527""",5,4.06,Bantam,Paperback,320,1999,1991,,2017/09/20,best,best (#5),read,,,,1,,,0,,,,,
31869077,The Internet of Money,Andreas M. Antonopoulos,"Antonopoulos, Andreas M.",,"=""""","=""""",5,4.13,Merkle Bloom LLC,Kindle Edition,150,2016,2016,2017/10/23,2017/09/25,best,best (#4),read,,,,1,,,0,,,,,
5470,1984,George Orwell,"Orwell, George",Erich Fromm,"=""""","=""""",5,4.17,New American Library,Mass Market Paperback,328,1950,1949,,2017/09/11,best,best (#2),read,,,,1,,,0,,,,,
23346740,Sapiens: A Brief History of Humankind,Yuval Noah Harari,"Harari, Yuval Noah","John Purcell, Haim Watzman","=""0099590085""","=""9780099590088""",5,4.44,Vintage,Paperback,498,2014,2011,2018/02/28,2018/01/16,best,best (#1),read,,,,1,,,0,,,,,
5345,The Innocent Man: Murder and Injustice in a Small Town,John Grisham,"Grisham, John",,"=""0385517238""","=""9780385517232""",4,3.82,Doubleday Books,Hardcover,360,2006,2006,,2017/09/23,,,read,,,,1,,,0,,,,,
404308,La Métamorphose et autres récits,Franz Kafka,"Kafka, Franz",Claude David,"=""2070381056""","=""9782070381050""",3,4.03,Gallimard,Paperback,220,1989,1915,2018/03/10,2017/10/12,,,read,,,,1,,,0,,,,,
59145,Père Goriot,Honoré de Balzac,"Balzac, Honoré de",Mehmet Can,"=""039397166X""","=""9780393971668""",2,3.84,W. W. Norton & Company,Paperback,370,1997,1835,2018/03/03,2018/03/03,,,read,,,,1,,,0,,,,,
6617037,"Debt: The First 5,000 Years",David Graeber,"Graeber, David",,"=""1933633867""","=""9781933633862""",0,4.15,Melville House Publishing,Hardcover,534,2011,2011,,2018/03/01,to-read,to-read (#52),to-read,,,,0,,,0,,,,,
82256,The Sovereign Individual: Mastering the Transition to the Information Age,James Dale Davidson,"Davidson, James Dale",William Rees-Mogg,"=""0684832720""","=""9780684832722""",0,4.23,Touchstone,Paperback,448,1999,1997,,2018/03/01,to-read,to-read (#51),to-read,,,,0,,,0,,,,,
1453190,L'île du Crâne,Anthony Horowitz,"Horowitz, Anthony",,"=""2013220235""","=""9782013220231""",0,3.77,Hachette Jeunesse,Paperback,181,2003,1988,,2018/02/28,,,read,,,,1,,,0,,,,,
231083,The Principia: Mathematical Principles of Natural Philosophy,Isaac Newton,"Newton, Isaac","I. Bernard Cohen, Anne Whitman","=""0520088174""","=""9780520088177""",0,4.22,University of California Press,Paperback,991,1999,1687,,2018/02/20,to-read,to-read (#50),to-read,,,,0,,,0,,,,,
205218,Ethics,Baruch Spinoza,"Spinoza, Baruch","Edwin M. Curley, Stuart Hampshire, Edwin Curley","=""0140435719""","=""9780140435719""",0,4.04,Penguin Classics,Paperback,186,1996,1677,,2018/02/18,to-read,to-read (#49),to-read,,,,0,,,0,,,,,
15688,L'Étranger,Albert Camus,"Camus, Albert",,"=""2070360024""","=""9782070360024""",5,3.97,Gallimard,Mass Market Paperback,184,2000,1942,2018/02/06,2017/09/11,,,read,,,,1,,,0,,,,,
65039,Amok and Other Stories,Stefan Zweig,"Zweig, Stefan",Anthea Bell,"=""1901285669""","=""9781901285666""",5,4.15,Pushkin Press,Paperback,144,2007,1922,2018/02/04,2018/01/17,,,read,,,,1,,,0,,,,,
1393712,Le Joueur d'échecs,Stefan Zweig,"Zweig, Stefan","Brigitte Vergne-Cain, Gérard Rudent","=""""","=""""",5,4.29,Le Livre de Poche,Paperback,128,2013,1942,2018/02/04,2018/01/16,,,read,,,,1,,,0,,,,,
1421121,Le Monde d'hier,Stefan Zweig,"Zweig, Stefan",Serge Niemetz,"=""2253140406""","=""9782253140405""",5,4.47,Le Livre de Poche,Mass Market Paperback,506,1996,1941,2018/01/30,2018/01/16,,,read,,,,1,,,0,,,,,
237758,La grammaire est une chanson douce (Plaisirs secrets de la grammaire #1),Érik Orsenna,"Orsenna, Érik",Bigre !,"=""2253149101""","=""9782253149101""",2,3.73,Le Livre de Poche,Mass Market Paperback,151,2003,2001,2018/01/30,2018/01/17,,,read,,,,1,,,0,,,,,
992113,Éloge de la fuite,Henri Laborit,"Laborit, Henri",,"=""2070322831""","=""9782070322831""",0,4.10,Galimard,Paperback,192,2010,1976,,2018/01/21,to-read,to-read (#48),to-read,,,,0,,,0,,,,,
3348322,The Whole Difference: Selected Writings,Hugo von Hofmannsthal,"Hofmannsthal, Hugo von",J.D. McClatchy,"=""0691129096""","=""9780691129099""",0,4.51,Princeton University Press,Hardcover,502,2008,2008,,2018/01/20,to-read,to-read (#47),to-read,,,,0,,,0,,,,,
38106458,"Consommateurs, révoltons-nous",Jean-Pierre Coffe,"Coffe, Jean-Pierre",Jean-Paul Frétillet,"=""2259187838""","=""9782259187831""",4,4.00,Plon,Paperback,218,2004,,2018/01/20,2018/01/20,,,read,,,,1,,,0,,,,,
34232311,Arrêtons de manger de la merde !,Jean-Pierre Coffe,"Coffe, Jean-Pierre",,"=""""","=""9782298077872""",0,4.44,France Loisirs,Paperback,254,2013,,,2018/01/17,to-read,to-read (#46),to-read,,,,0,,,0,,,,,
689941,Living Within Limits,Garrett Hardin,"Hardin, Garrett",,"=""0195093852""","=""9780195093858""",0,4.08,"Oxford University Press, USA",Paperback,352,1995,1993,,2018/01/20,to-read,to-read (#45),to-read,,,,0,,,0,,,,,
161503,Crimson Rivers,Jean-Christophe Grangé,"Grangé, Jean-Christophe",,"=""1860469620""","=""9781860469626""",0,4.16,Harvill Press,Paperback,328,2001,1998,,2018/01/18,to-read,to-read (#44),to-read,,,,0,,,0,,,,,
7085235,N'espérez pas vous débarrasser des livres,Jean-Claude Carrière,"Carrière, Jean-Claude","Umberto Eco, Jean-Philippe de Tonnac","=""2246742714""","=""9782246742715""",0,4.04,Grasset,Paperback,331,2009,2010,,2018/01/18,to-read,to-read (#43),to-read,,,,0,,,0,,,,,
41865,"Twilight (Twilight, #1)",Stephenie Meyer,"Meyer, Stephenie",,"=""0316015849""","=""9780316015844""",1,3.59,"Little, Brown and Company",Paperback,501,2006,2005,,2017/09/11,,,read,,,,1,,,0,,,,,
7728,"Antigone (The Theban Plays, #3)",Sophocles,"Sophocles, Sophocles",J.E. Thomas,"=""1580493882""","=""9781580493888""",2,3.64,Ingram,Paperback,80,2005,-441,,2017/09/11,,,read,,,,1,,,0,,,,,
128667,L'Arbre des possibles et autres histoires,Bernard Werber,"Werber, Bernard",,"=""222613459X""","=""9782226134592""",1,3.70,Albin Michel,Paperback,300,2002,2002,,2017/09/20,,,read,,,,1,,,0,,,,,
52828,Don Juan,Molière,"Molière, Molière",Richard Wilbur,"=""015601310X""","=""9780156013109""",1,3.66,Mariner Books,Paperback,146,2001,1682,,2017/09/11,,,read,,,,1,,,0,,,,,
1520896,Les Fourberies de Scapin,Molière,"Molière, Molière",,"=""203871665X""","=""9782038716658""",2,3.68,Larousse,Mass Market Paperback,191,2007,1671,,2017/09/11,,,read,,,,1,,,0,,,,,
428077,L'Avare,Molière,"Molière, Molière",,"=""2091878235""","=""9782091878232""",2,3.68,Cle Intl,Paperback,79,2003,1668,,2017/09/11,,,read,,,,1,,,0,,,,,
1554,"Oedipus Rex  (The Theban Plays, #1)",Sophocles,"Sophocles, Sophocles",J.E. Thomas,"=""1580495931""","=""9781580495936""",2,3.70,Prestwick House - (Literary Touchstone Classic),Paperback,75,2006,-429,,2017/09/11,,,read,,,,1,,,0,,,,,
627374,Lettres de mon moulin,Alphonse Daudet,"Daudet, Alphonse",,"=""2266156284""","=""9782266156288""",3,3.71,Pocket,Mass Market Paperback,222,2005,1869,,2017/09/27,,,read,,,,1,,,0,,,,,
1688671,Le papillon des étoiles,Bernard Werber,"Werber, Bernard",,"=""2226173498""","=""9782226173492""",2,3.72,Albin Michel,Paperback,252,2006,2006,,2017/09/20,,,read,,,,1,,,0,,,,,
1453741,Odyssée,Homer,"Homer, Homer",Victor Bérard,"=""2070409120""","=""9782070409129""",4,3.75,Folio,Paperback,511,1999,-700,,2017/10/15,,,read,,,,1,,,0,,,,,
18135,Romeo and Juliet,William Shakespeare,"Shakespeare, William","Paul Werstine, Barbara A. Mowat","=""0743477111""","=""9780743477116""",3,3.74,Simon Schuster,Paperback,368,2004,1595,,2017/09/11,,,read,,,,1,,,0,,,,,
857213,Le Malade imaginaire,Molière,"Molière, Molière",,"=""2038716668""","=""9782038716665""",3,3.74,Larousse,Mass Market Paperback,255,1998,1673,,2017/09/11,,,read,,,,1,,,0,,,,,
1208948,Zadig et autres contes,Voltaire,"Voltaire, Voltaire",,"=""2080720309""","=""9782080720306""",2,3.81,,Mass Market Paperback,168,1996,1747,,2017/09/11,,,read,,,,1,,,0,,,,,
2924317,Le Médecin Malgré Lui,Molière,"Molière, Molière",Marie-Helene Prat,"=""2858902755""","=""""",3,3.80,,Paperback,189,,1666,,2017/09/11,,,read,,,,1,,,0,,,,,
15811568,Six Years,Harlan Coben,"Coben, Harlan",,"=""0525953485""","=""9780525953487""",4,3.82,Dutton,Hardcover,351,2013,2013,,2017/09/11,,,read,,,,1,,,0,,,,,
18254,Oliver Twist,Charles Dickens,"Dickens, Charles","Philip Horne, Gerald Dickens","=""""","=""""",3,3.86,Penguin Books,Paperback,608,2003,1838,,2017/09/11,,,read,,,,1,,,0,,,,,
33507,"Twenty Thousand Leagues Under the Sea (Extraordinary Voyages, #6)",Jules Verne,"Verne, Jules",Anthony Bonner,"=""076072850X""","=""9780760728505""",5,3.88,Barnes & Noble,Hardcover,394,2002,1869,,2017/09/11,,,read,,,,1,,,0,,,,,
113436,"Eragon (The Inheritance Cycle, #1)",Christopher Paolini,"Paolini, Christopher",,"=""0375826696""","=""9780375826696""",3,3.89,Alfred A. Knopf,Paperback,503,2005,2002,,2017/09/11,,,read,,,,1,,,0,,,,,
11737271,Stay Close,Harlan Coben,"Coben, Harlan",,"=""0525952276""","=""9780525952275""",3,3.88,Dutton,Hardcover,387,2012,2012,,2017/09/11,,,read,,,,1,,,0,,,,,
24583,The Adventures of Tom Sawyer,Mark Twain,"Twain, Mark","Guy Cardwell, John Seelye","=""0143039563""","=""9780143039563""",3,3.91,Penguin Classics,Paperback,244,2006,1875,,2017/09/11,,,read,,,,1,,,0,,,,,
84119,"The Horse and His Boy (Chronicles of Narnia, #5)",C.S. Lewis,"Lewis, C.S.",,"=""0439861365""","=""9780439861366""",3,3.92,Scholastic Inc,Paperback,224,1995,1954,,2017/09/11,,,read,,,,1,,,0,,,,,
26109394,Fool Me Once,Harlan Coben,"Coben, Harlan",,"=""0525955097""","=""9780525955092""",4,3.93,Dutton,Hardcover,387,2016,2016,,2017/09/11,,,read,,,,1,,,0,,,,,
2177236,Hold Tight,Harlan Coben,"Coben, Harlan",,"=""0525950608""","=""9780525950608""",3,3.94,Dutton,Hardcover,416,2008,2008,,2017/09/20,,,read,,,,1,,,0,,,,,
114955,The Arctic Incident,Eoin Colfer,"Colfer, Eoin",,"=""0786851473""","=""9780786851478""",4,3.95,Hyperion Books for Children,Paperback,398,2004,2002,,2017/10/08,,,read,,,,1,,,0,,,,,
65641,"The Silver Chair (Chronicles of Narnia, #4)",C.S. Lewis,"Lewis, C.S.",Pauline Baynes,"=""""","=""""",4,3.96,HarperCollins,Paperback,243,2008,1953,,2017/09/11,,,read,,,,1,,,0,,,,,
43928,"Deal Breaker (Myron Bolitar, #1)",Harlan Coben,"Coben, Harlan",,"=""0385340605""","=""9780385340601""",4,3.95,Delacorte Press,Hardcover,339,2006,1995,,2017/09/11,,,read,,,,1,,,0,,,,,
3675828,"Long Lost  (Myron Bolitar, #9)",Harlan Coben,"Coben, Harlan",,"=""0525951059""","=""9780525951056""",3,3.97,Dutton Adult,Hardcover,374,2009,2009,,2017/09/11,,,read,,,,1,,,0,,,,,
121749,"Prince Caspian (Chronicles of Narnia, #2)",C.S. Lewis,"Lewis, C.S.",,"=""000720230X""","=""9780007202300""",3,3.97,HarperCollins Publishers,Hardcover,240,2005,1951,,2017/09/11,,,read,,,,1,,,0,,,,,
18114060,Missing You,Harlan Coben,"Coben, Harlan",,"=""0525953493""","=""9780525953494""",3,3.97,Dutton,Hardcover,399,2014,2014,,2017/09/11,,,read,,,,1,,,0,,,,,
7005865,The Atlantis Complex,Eoin Colfer,"Colfer, Eoin",,"=""1423128192""","=""9781423128199""",4,3.97,Disney/Hyperion Books,Hardcover,357,2010,2010,,2017/10/08,,,read,,,,1,,,0,,,,,
54499,"The Man in the Iron Mask (The D'Artagnan Romances, #3.4)",Alexandre Dumas,"Dumas, Alexandre","Francine du Plessix Gray, Joachim Neugroschel","=""0140439242""","=""9780140439243""",3,3.99,Penguin Books,Paperback,470,2003,1850,,2017/09/11,,,read,,,,1,,,0,,,,,
209194,"The Man in the Brown Suit (Colonel Race, #1)",Agatha Christie,"Christie, Agatha",,"=""0007151667""","=""9780007151660""",3,3.96,HarperCollinspublishers,Paperback,381,2002,1924,,2017/09/11,,,read,,,,1,,,0,,,,,
37586,The Lost Colony,Eoin Colfer,"Colfer, Eoin",,"=""""","=""""",4,4.00,Miramax Books/Hyperion Books for Children,Hardcover,385,2006,2006,,2017/10/08,,,read,,,,1,,,0,,,,,
7184,Twenty Years After (The D'Artagnan Romances #2),Alexandre Dumas,"Dumas, Alexandre","David Coward, Auguste Maquet","=""0192838431""","=""9780192838438""",3,4.03,Oxford University Press,Paperback,788,1993,1845,,2017/09/11,,,read,,,,1,,,0,,,,,
128894,"Have Mercy on Us All (Commissaire Adamsberg, #4)",Fred Vargas,"Vargas, Fred",,"=""0743284011""","=""9780743284011""",3,4.03,Simon & Schuster,Paperback,353,2005,2001,,2017/09/17,,,read,,,,1,,,0,,,,,
65605,"The Magician's Nephew (Chronicles of Narnia, #6)",C.S. Lewis,"Lewis, C.S.",,"=""0060764902""","=""9780060764906""",4,4.03,HarperCollins Publishers,Paperback,221,2005,1955,,2017/09/11,,,read,,,,1,,,0,,,,,
84369,"The Last Battle (Chronicles of Narnia, #7)",C.S. Lewis,"Lewis, C.S.",,"=""0007202326""","=""9780007202324""",3,4.03,HarperCollins Publishers,Paperback,288,2005,1956,,2017/09/11,,,read,,,,1,,,0,,,,,
7260188,"Mockingjay (The Hunger Games, #3)",Suzanne Collins,"Collins, Suzanne",,"=""0439023513""","=""9780439023511""",3,4.03,Scholastic Press,Hardcover,390,2010,2010,,2017/09/11,,,read,,,,1,,,0,,,,,
227865,The Eternity Code,Eoin Colfer,"Colfer, Eoin",,"=""0141321318""","=""9780141321318""",5,4.04,Puffin,Paperback,352,2006,2003,,2017/10/08,,,read,,,,1,,,0,,,,,
43931,The Woods,Harlan Coben,"Coben, Harlan",,"=""0525950125""","=""9780525950127""",4,4.04,Dutton Adult,Hardcover,404,2007,2007,,2017/09/11,,,read,,,,1,,,0,,,,,
114954,The Opal Deception,Eoin Colfer,"Colfer, Eoin",,"=""""","=""9781423103998""",5,4.05,Miramax Books,Paperback,416,2009,2005,,2017/10/08,,,read,,,,1,,,0,,,,,
7190,"The Three Musketeers (The D'Artagnan Romances, #1)",Alexandre Dumas,"Dumas, Alexandre",,"=""""","=""""",3,4.07,Modern Library,Paperback,625,2001,1844,,2017/09/11,,,read,,,,1,,,0,,,,,
43927,No Second Chance,Harlan Coben,"Coben, Harlan",,"=""0451210557""","=""9780451210555""",4,4.08,Dutton Books,Mass Market Paperback,452,2004,2003,,2017/09/11,,,read,,,,1,,,0,,,,,
2179276,The Time Paradox,Eoin Colfer,"Colfer, Eoin",,"=""""","=""""",5,4.07,Hyperion Books for Children/Disney Book Group,Hardcover,391,2008,2008,,2017/10/08,,,read,,,,1,,,0,,,,,
18122,The Amber Spyglass,Philip Pullman,"Pullman, Philip",,"=""0440238153""","=""9780440238157""",3,4.09,Laurel Leaf,Mass Market Paperback,467,2003,2000,,2017/09/11,,,read,,,,1,,,0,,,,,
140225,"The Voyage of the Dawn Treader (Chronicles of Narnia, #3)",C.S. Lewis,"Lewis, C.S.",Pauline Baynes,"=""006112527X""","=""9780061125270""",4,4.09,HarperCollins,Hardcover,248,2006,1952,,2017/09/11,,,read,,,,1,,,0,,,,,
32831,"The Mysterious Island (Extraordinary Voyages, #12)",Jules Verne,"Verne, Jules","Caleb Carr, Jordan Stump","=""0812972120""","=""9780812972122""",5,4.10,Modern Library,Paperback,723,2004,1865,,2017/09/11,,,read,,,,1,,,0,,,,,
13497,"A Feast for Crows (A Song of Ice and Fire, #4)",George R.R. Martin,"Martin, George R.R.",,"=""055358202X""","=""9780553582024""",4,4.13,Bantam Books,Mass Market Paperback,1061,2011,2005,,2017/09/11,,,read,,,,1,,,0,,,,,
17333227,"The Gods of Guilt (Mickey Haller, #5)",Michael Connelly,"Connelly, Michael",,"=""0316069515""","=""9780316069519""",4,4.13,"Little, Brown and Company",Hardcover,389,2013,2013,,2017/10/12,,,read,,,,1,,,0,,,,,
43930,Gone for Good,Harlan Coben,"Coben, Harlan",,"=""0440236738""","=""9780440236733""",3,4.10,Dell Publishing Company,Paperback,432,2003,2002,,2017/09/20,,,read,,,,1,,,0,,,,,
7936809,"The Reversal (Mickey Haller, #3)",Michael Connelly,"Connelly, Michael",,"=""0316069485""","=""9780316069489""",5,4.15,"Little, Brown and Company",Hardcover,391,2010,2010,,2017/09/11,,,read,,,,1,,,0,,,,,
24280,Les Misérables,Victor Hugo,"Hugo, Victor","Lee Fahnestock, Norman MacAfee","=""""","=""""",4,4.16,Signet Classics,Mass Market Paperback,1463,1987,1862,,2017/09/11,,,read,,,,1,,,0,,,,,
9681098,"The Fifth Witness (Mickey Haller, #4)",Michael Connelly,"Connelly, Michael",,"=""0316069353""","=""9780316069359""",5,4.19,"Little, Brown and Company",Hardcover,421,2011,2011,,2017/09/11,,,read,,,,1,,,0,,,,,
100915,"The Lion, the Witch and the Wardrobe (Chronicles of Narnia, #1)",C.S. Lewis,"Lewis, C.S.",,"=""""","=""""",4,4.21,HarperCollins Publishers,Paperback,206,2005,1950,,2017/09/11,,,read,,,,1,,,0,,,,,
16299,And Then There Were None,Agatha Christie,"Christie, Agatha",,"=""0312330871""","=""9780312330873""",3,4.25,St. Martin's Press,Paperback,264,2004,1939,,2017/09/11,,,read,,,,1,,,0,,,,,
10664113,"A Dance with Dragons (A Song of Ice and Fire, #5)",George R.R. Martin,"Martin, George R.R.",,"=""""","=""""",4,4.32,Bantam,Kindle Edition,1125,2011,2011,,2017/09/11,,,read,,,,1,,,0,,,,,
6148028,"Catching Fire (The Hunger Games, #2)",Suzanne Collins,"Collins, Suzanne",,"=""0439023491""","=""9780439023498""",3,4.29,Scholastic Press,Hardcover,391,2009,2009,,2017/09/11,,,read,,,,1,,,0,,,,,
15881,"Harry Potter and the Chamber of Secrets (Harry Potter, #2)",J.K. Rowling,"Rowling, J.K.",Mary GrandPré,"=""0439064864""","=""9780439064866""",4,4.41,Arthur A. Levine Books / Scholastic Inc.,Hardcover,341,1999,1998,,2017/09/11,,,read,,,,1,,,0,,,,,
3,"Harry Potter and the Sorcerer's Stone (Harry Potter, #1)",J.K. Rowling,"Rowling, J.K.",Mary GrandPré,"=""""","=""""",3,4.47,Scholastic Inc,Hardcover,322,1997,1997,,2017/09/11,,,read,,,,1,,,0,,,,,
2,"Harry Potter and the Order of the Phoenix (Harry Potter, #5)",J.K. Rowling,"Rowling, J.K.",Mary GrandPré,"=""0439358078""","=""9780439358071""",4,4.49,Scholastic Inc.,Paperback,870,2004,2003,,2017/09/11,,,read,,,,1,,,0,,,,,
5,"Harry Potter and the Prisoner of Azkaban (Harry Potter, #3)",J.K. Rowling,"Rowling, J.K.",Mary GrandPré,"=""043965548X""","=""9780439655484""",5,4.56,Scholastic Inc.,Mass Market Paperback,435,2004,1999,,2017/09/11,,,read,,,,1,,,0,,,,,
6,"Harry Potter and the Goblet of Fire (Harry Potter, #4)",J.K. Rowling,"Rowling, J.K.",Mary GrandPré,"=""""","=""""",4,4.55,Scholastic,Paperback,734,2002,2000,,2017/09/11,,,read,,,,1,,,0,,,,,
1,"Harry Potter and the Half-Blood Prince (Harry Potter, #6)",J.K. Rowling,"Rowling, J.K.",Mary GrandPré,"=""0439785960""","=""9780439785969""",3,4.56,Scholastic Inc.,Paperback,652,2006,2005,,2017/09/11,,,read,,,,1,,,0,,,,,
136251,"Harry Potter and the Deathly Hallows (Harry Potter, #7)",J.K. Rowling,"Rowling, J.K.",,"=""0545010225""","=""9780545010221""",3,4.61,Arthur A. Levine Books / Scholastic Inc.,Hardcover,759,2007,2007,,2017/09/11,,,read,,,,1,,,0,,,,,
26242071,Lontano,Jean-Christophe Grangé,"Grangé, Jean-Christophe",,"=""""","=""""",5,4.06,Albin Michel,Kindle Edition,800,2015,2015,2018/01/18,2017/11/20,,,read,,,,1,,,0,,,,,
1638232,Le Dernier jour d'un condamné,Victor Hugo,"Hugo, Victor",,"=""2290334758""","=""9782290334751""",0,4.00,J'ai Lu,Mass Market Paperback,97,2003,1829,,2018/01/17,to-read,to-read (#42),to-read,,,,0,,,0,,,,,
789727,How Real Is Real?,Paul Watzlawick,"Watzlawick, Paul",,"=""0394722566""","=""9780394722566""",0,4.25,Vintage,Paperback,266,1977,1976,,2018/01/17,to-read,to-read (#41),to-read,,,,0,,,0,,,,,
89200,"Pragmatics of Human Communication: A Study of Interactional Patterns, Pathologies and Paradoxes",Paul Watzlawick,"Watzlawick, Paul","Don D. Jackson, William J. Lederer, Karl A. Menninger","=""0393010090""","=""9780393010091""",0,4.24,W. W. Norton  Company,Hardcover,296,1967,1967,,2018/01/17,to-read,to-read (#40),to-read,,,,0,,,0,,,,,
25541028,"Elon Musk: Tesla, SpaceX, and the Quest for a Fantastic Future",Ashlee Vance,"Vance, Ashlee",,"=""0062301233""","=""9780062301239""",5,4.23,Ecco,Hardcover,400,2015,2015,,2017/09/11,,,read,,,,1,,,0,,,,,
25080953,The Go Programming Language,Alan A. A. Donovan,"Donovan, Alan A. A.",Brian W. Kernighan,"=""0134190440""","=""9780134190440""",5,4.46,Addison-Wesley,Paperback,380,2015,2015,2018/01/10,2017/10/19,,,read,,,,1,,,0,,,,,
92308,The Importance of Being Earnest and Other Plays,Oscar Wilde,"Wilde, Oscar",Richard Allen Cave,"=""0140436065""","=""9780140436068""",5,4.25,Penguin Classics,Paperback,462,2000,1898,2018/01/10,2017/10/14,,,read,,,,1,,,0,,,,,
13409279,50.000 Dolar,Ernest Hemingway,"Hemingway, Ernest","Türköz Taga, Mustafa Yurdakul","=""""","=""""",3,3.52,Varlık Yayınları,Paperback,156,1977,1927,2018/01/09,2018/01/09,,,read,,,,1,,,0,,,,,
10884,Einstein: His Life and Universe,Walter Isaacson,"Isaacson, Walter",,"=""0743264738""","=""9780743264730""",5,4.11,Simon  Schuster,Hardcover,675,2007,2007,2018/01/07,2017/09/11,,,read,,,,1,,,0,,,,,
29760851,Romance de la mort,Jean Bruce,"Bruce, Jean",,"=""""","=""""",4,3.50,Presses de la cité,Paperback,,1973,,2018/01/06,2017/12/31,,,read,,,,1,,,0,,,,,
394535,"Blood Meridian, or the Evening Redness in the West",Cormac McCarthy,"McCarthy, Cormac",,"=""0679728759""","=""9780679728757""",3,4.17,Vintage Books,Paperback,337,1992,1985,2017/12/27,2017/10/13,,,read,,,,1,,,0,,,,,
2657,"To Kill a Mockingbird (To Kill a Mockingbird, #1)",Harper Lee,"Lee, Harper",,"=""""","=""""",4,4.27,Harper Perennial Modern Classics,Paperback,324,2006,1960,,2017/09/11,,,read,,,,1,,,0,,,,,
32191710,Astrophysics for People in a Hurry,Neil deGrasse Tyson,"Tyson, Neil deGrasse",,"=""0393609391""","=""9780393609394""",0,4.10,W. W. Norton  Company,Hardcover,224,2017,2017,,2017/12/05,to-read,to-read (#39),to-read,,,,0,,,0,,,,,
36804136,The Internet of Money Volume Two,Andreas M. Antonopoulos,"Antonopoulos, Andreas M.",,"=""""","=""""",0,4.33,,,,,,,2017/12/05,to-read,to-read (#38),to-read,,,,0,,,0,,,,,
122649,Lady Windermere's Fan,Oscar Wilde,"Wilde, Oscar",,"=""014062399X""","=""9780140623994""",3,3.91,Penguin Books,Paperback,70,1995,1893,,2017/11/15,,,read,,,,1,,,0,,,,,
67762,Salomé,Oscar Wilde,"Wilde, Oscar","Robert Baldwin Ross, Aubrey Beardsley, Alfred Bruce Douglas","=""0486421279""","=""9780486421278""",3,3.69,Dover Publications,Paperback,64,2002,1891,,2017/11/06,,,read,,,,1,,,0,,,,,
22826205,Patterns of Enterprise Application Architecture,Martin Fowler,"Fowler, Martin",,"=""0133065200""","=""9780133065206""",0,4.11,Addison-Wesley Professional,ebook,,2012,2002,,2017/10/31,to-read,to-read (#37),to-read,,,,0,,,0,,,,,
36239393,Clean Architecture: A Craftsman's Guide to Software Structure and Design (Robert C. Martin Series),Robert C. Martin,"Martin, Robert C.",,"=""""","=""""",0,4.23,Prentice Hall,Kindle Edition,432,2017,,,2017/10/31,to-read,to-read (#36),to-read,,,,0,,,0,,,,,
22535713,Software Systems Architecture: Working with Stakeholders Using Viewpoints and Perspectives,Nick Rozanski,"Rozanski, Nick",Eoin Wood,"=""0132906120""","=""9780132906128""",0,4.12,Addison-Wesley Professional,ebook,698,2011,2005,,2017/10/31,to-read,to-read (#35),to-read,,,,0,,,0,,,,,
60080,Groundwork of the Metaphysics of Morals,Immanuel Kant,"Kant, Immanuel","Mary J. Gregor, Christine M. Korsgaard","=""0521626951""","=""9780521626958""",0,3.82,Cambridge University Press,Paperback,120,1998,1785,,2017/10/29,to-read,to-read (#34),to-read,,,,0,,,0,,,,,
130119,An Enquiry Concerning Human Understanding,David Hume,"Hume, David",,"=""1420926993""","=""9781420926996""",0,3.91,Digireads.com,Paperback,96,2006,1748,,2017/10/29,to-read,to-read (#33),to-read,,,,0,,,0,,,,,
80311,A Treatise of Human Nature,David Hume,"Hume, David",,"=""1406927554""","=""9781406927559""",0,3.92,Hard Press,Paperback,434,2006,1739,,2017/10/29,to-read,to-read (#32),to-read,,,,0,,,0,,,,,
10427466,L'execution,Milovan Đilas,"Đilas, Milovan",Kosta Christich,"=""2702108407""","=""9782702108406""",2,2.50,Calmann-Levy,Paperback,,1994,1994,,2017/10/29,,,read,,,,1,,,0,,,,,
16099635,Les grandes plaidoiries des ténors du barreau : Quand les mots peuvent tout changer,Mathieu Aron,"Aron, Mathieu",,"=""""","=""9782847242973""",5,3.75,Jacob-Duvernet ,,274,2010,2010,2017/10/28,2017/09/28,,,read,,,,1,,,0,,,,,
447681,L'Arrache-cœur,Boris Vian,"Vian, Boris",,"=""2253006629""","=""9782253006626""",3,3.97,Jean-Jacques Pauvert,Mass Market Paperback,256,1962,1953,2017/10/28,2017/10/12,,,read,,,,1,,,0,,,,,
35072296,Building Blockchain Projects: Building decentralized Blockchain applications with Ethereum and Solidity,Narayan Prusty,"Prusty, Narayan",,"=""""","=""""",2,3.16,Packt Publishing,Kindle Edition,268,2017,,2017/10/19,2017/10/15,,,read,,,,1,,,0,,,,,
1342319,Changements,Paul Watzlawick,"Watzlawick, Paul",,"=""2020058715""","=""9782020058711""",5,4.29,Éditions du Seuil,Paperback,189,1981,1974,2017/10/15,2017/10/12,,,read,"Partie 3 :<br/>Résolution des problèmes, basée non pas sur la recherche des causes profondes de ces problèmes s'intéressant :<br/>- au metachangement (changement de système du problème et pas changement à l'intérieur du système du problème)<br/>- au recadrage du problème<br/>- à l'élimination des ""solutions"" qui accentue en fait le problème.<br/>La partie s'achève par de nombreux exemples parlants et diversifiés.<br/><br/><br/>Globalement, un livre très bien structuré, bien écrit, qui pousse à la réflexion.",,,1,,,0,,,,,
352383,Antigone,Jean Anouilh,"Anouilh, Jean",Lewis Galantière,"=""041330860X""","=""9780413308603""",3,3.81,Methuen Publishing,Paperback,72,1960,1944,,2017/09/12,,,read,,,,1,,,0,,,,,
6401838,Nouvelle Encyclopedie Du Savoir Relatif Et Absolu,Bernard Werber,"Werber, Bernard",,"=""2226186549""","=""9782226186546""",4,4.14,Albin Michel,Paperback,592,2009,2009,,2017/09/20,,,read,,,,1,,,0,,,,,
131359,"Death on the Nile (Hercule Poirot, #17)",Agatha Christie,"Christie, Agatha",,"=""0553119222""","=""9780553119220""",3,4.10,Bantam Books,Paperback,214,1978,1937,,2017/09/11,,,read,,,,1,,,0,,,,,
18220698,Comment voyager avec un saumon,Umberto Eco,"Eco, Umberto",Myriem Bouzaher,"=""2253147923""","=""9782253147923""",5,3.85,Le Livre de Poche,Mass Market Paperback,283,2010,1992,,2017/10/04,,,read,,,,1,,,0,,,,,
249747,Artemis Fowl,Eoin Colfer,"Colfer, Eoin",,"=""0786817879""","=""9780786817870""",5,3.84,Disney-Hyperion,Paperback,396,2003,2001,,2017/10/08,,,read,,,,1,,,0,,,,,
34137265,Blockchain Basics: A Non-Technical Introduction in 25 Steps,Daniel Drescher,"Drescher, Daniel",,"=""1484226038""","=""9781484226032""",3,4.00,Apress,Paperback,255,2017,2017,2017/10/14,2017/10/13,,,read,"Not very well written and it repeats itself 3 or 4 times on each concept.<br/>Though, it delivers what you expect from it : explaining the basics of the blockchain.",,,1,,,0,,,,,
18266,Gargantua and Pantagruel,François Rabelais,"Rabelais, François",M.A. Screech,"=""0140445501""","=""9780140445503""",2,3.71,Penguin Classics,Paperback,1041,2006,1532,,2017/09/23,,,read,,,,1,,,0,,,,,
112147,The Memory of Running,Ron McLarty,"McLarty, Ron",,"=""0143036688""","=""9780143036685""",2,3.76,Penguin Books,Paperback,384,2005,2004,,2017/09/12,,,read,,,,1,,,0,,,,,
19380,Candide,Voltaire,"Voltaire, Voltaire",,"=""0486266893""","=""9780486266893""",2,3.76,Dover Publications,Paperback,129,1991,1759,,2017/09/11,,,read,,,,1,,,0,,,,,
26359468,Avant Qu'il Soit Trop Tard,Stéphane Daniel,"Daniel, Stéphane",,"=""2700240758""","=""9782700240757""",1,2.50,Rageot Editeur,ebook,256,2005,2005,,2017/09/23,,,read,,,,1,,,0,,,,,
1514057,Un roi sans divertissement,Jean Giono,"Giono, Jean",,"=""2070362205""","=""9782070362202""",1,3.68,Editions Gallimard,Mass Market Paperback,244,2004,1947,,2017/09/17,,,read,,,,1,,,0,,,,,
464721,L'art d'avoir toujours raison,Arthur Schopenhauer,"Schopenhauer, Arthur",,"=""284205301X""","=""9782842053017""",4,3.58,Mille et une nuits,Mass Market Paperback,84,1998,1831,2017/10/06,2017/10/05,,,read,,,,1,,,0,,,,,
7775323,Uml 2 Par La Pratique,Pascal Roques,"Roques, Pascal",,"=""2212125658""","=""9782212125658""",4,3.43,Eyrolles,,395,2009,2005,,2017/09/19,,,read,,,,1,,,0,,,,,
153747,"Moby-Dick, or, the Whale",Herman Melville,"Melville, Herman","Andrew Delbanco, Tom Quirk","=""0142437247""","=""9780142437247""",4,3.49,Penguin Classics,Paperback,654,2003,1851,,2017/09/23,,,read,,,,1,,,0,,,,,
5695,Demons,Fyodor Dostoyevsky,"Dostoyevsky, Fyodor","Richard Pevear, Nicolae Gane, Taťjana Hašková, Larissa Volokhonsky, Jaroslav Hulák","=""""","=""""",0,4.27,Vintage,Paperback,733,1995,1872,,2017/10/13,to-read,to-read (#3),to-read,,,,0,,,0,,,,,
21856367,"The Innovators: How a Group of  Hackers, Geniuses and Geeks Created the Digital Revolution",Walter Isaacson,"Isaacson, Walter",,"=""147670869X""","=""9781476708690""",0,4.10,Simon and Schuster,Hardcover,542,2014,2014,,2017/10/12,to-read,to-read (#31),to-read,,,,0,,,0,,,,,
10885,The Wise Men: Six Friends and the World They Made,Walter Isaacson,"Isaacson, Walter",Evan Thomas,"=""0684837714""","=""9780684837710""",0,4.08,Simon & Schuster,Paperback,864,1997,1986,,2017/10/12,to-read,to-read (#30),to-read,,,,0,,,0,,,,,
18288,Critique of Pure Reason,Immanuel Kant,"Kant, Immanuel","Paul Guyer, Allen W. Wood","=""0521657296""","=""9780521657297""",0,3.94,Cambridge University Press,Paperback,796,1999,1781,,2017/10/08,to-read,to-read (#29),to-read,,,,0,,,0,,,,,
513367,In Search of Schrödinger's Cat: Quantum Physics and Reality,John Gribbin,"Gribbin, John",,"=""0553341030""","=""9780553342536""",0,4.02,Bantam Books,Paperback,320,1984,1984,,2017/10/03,to-read,to-read (#28),to-read,,,,0,,,0,,,,,
8852,Macbeth,William Shakespeare,"Shakespeare, William",,"=""0743477103""","=""9780743477109""",3,3.89,Simon  Schuster,Paperback,304,2013,1606,2017/09/30,2017/09/30,,,read,,,,1,,,0,,,,,
1420,Hamlet,William Shakespeare,"Shakespeare, William","Harold Bloom, Rex Gibson","=""0521618746""","=""9780521618748""",5,4.02,Cambridge University Press,Paperback,289,2005,1603,2017/09/30,2017/09/11,,,read,,,,1,,,0,,,,,
34089200,Directs du droit,Eric Dupond-moretti,"Dupond-moretti, Eric",Stéphane Durand-Souffland,"=""2749927226""","=""9782749927220""",4,3.39,Michel Lafon,Hardcover,248,2017,,2017/09/28,2017/09/27,,,read,,,,1,,,0,,,,,
324750,High Output Management,Andrew S. Grove,"Grove, Andrew S.",,"=""0679762884""","=""9780679762881""",0,4.33,Vintage,Paperback,272,1995,1983,,2017/09/13,to-read,to-read (#27),to-read,,,,1,,,0,,,,,
3015359,"L'Ordinatueur (Les enquêtes de Logicielle, #2)",Christian Grenier,"Grenier, Christian",,"=""2700229134""","=""9782700229134""",1,3.38,Rageot,Paperback,217,2004,1999,,2017/09/28,,,read,,,,1,,,0,,,,,
115808,Le Horla,Guy de Maupassant,"Maupassant, Guy de",André Fermigier,"=""2070409252""","=""9782070409259""",5,3.94,Editions Gallimard,Mass Market Paperback,277,1999,1887,2017/09/27,2017/09/27,,,read,La préface et les notes de fin de l'éditeur sont très intéressantes,,,1,,,0,,,,,
8492907,Physics of the Future: How Science Will Shape Human Destiny and Our Daily Lives by the Year 2100,Michio Kaku,"Kaku, Michio",,"=""0385530803""","=""9780385530804""",0,3.99,Doubleday,Hardcover,416,2011,2011,,2017/09/27,to-read,to-read (#26),to-read,,,,0,,,0,,,,,
18114322,The Grapes of Wrath,John Steinbeck,"Steinbeck, John",,"=""067001690X""","=""9780670016907""",5,3.96,Viking,Hardcover,479,2014,1939,2017/09/26,2017/09/11,,,read,,,,1,,,0,,,,,
7144,Crime and Punishment,Fyodor Dostoyevsky,"Dostoyevsky, Fyodor",David McDuff,"=""0143058142""","=""9780143058144""",0,4.21,Penguin,Paperback,671,2002,1866,,2017/09/23,to-read,to-read (#25),to-read,,,,0,,,0,,,,,
87302,La Nausée,Jean-Paul Sartre,"Sartre, Jean-Paul",,"=""207036805X""","=""9782070368051""",0,3.92,Editions Gallimard,Paperback,250,1972,1938,,2017/09/23,to-read,to-read (#24),to-read,,,,0,,,0,,,,,
14060338,Bête noire,Eric Dupont-Moretti,"Dupont-Moretti, Eric",,"=""274991616X""","=""9782749916163""",4,3.93,Michel Lafon,Paperback,248,2012,2012,,2017/09/23,,,read,,,,1,,,0,,,,,
43035,White Fang,Jack London,"London, Jack",,"=""0439236193""","=""9780439236195""",4,3.97,Scholastic Paperbacks,Mass Market Paperback,252,2001,1905,,2017/09/23,,,read,,,,1,,,0,,,,,
2932,Robinson Crusoe,Daniel Defoe,"Defoe, Daniel","Virginia Woolf, Lynd Ward, Marcia Kupstas, Mark F. Smith, Mustafa Bahar, Thomas Stothard, Joaquín Gallardo","=""0375757325""","=""9780375757327""",5,3.67,Modern Library,Paperback,320,2001,1719,,2017/09/23,,,read,,,,1,,,0,,,,,
13023,Alice in Wonderland,Jane Carruth,"Carruth, Jane","Rene Cloke, Lewis Carroll","=""0517223627""","=""9780517223628""",3,4.03,Gramercy Books,Hardcover,92,2004,1865,,2017/09/23,,,read,,,,1,,,0,,,,,
7733,Gulliver's Travels,Jonathan Swift,"Swift, Jonathan",Robert DeMaria Jr.,"=""0141439491""","=""9780141439495""",3,3.56,Penguin,Paperback,306,2003,1726,,2017/09/23,,,read,,,,1,,,0,,,,,
8909,The War of the Worlds,H.G. Wells,"Wells, H.G.",Arthur C. Clarke,"=""0375759239""","=""9780375759239""",4,3.82,Modern Library,Paperback,192,2002,1898,,2017/09/22,,,read,,,,1,,,0,,,,,
17487,"Five Go Adventuring Again (Famous Five, #2)",Enid Blyton,"Blyton, Enid",,"=""0340796154""","=""9780340796153""",5,4.02,Hodder Children's Books,Paperback,246,2001,1943,,2017/09/22,,,read,,,,1,,,0,,,,,
74997,"Five Run Away Together (Famous Five, #3)",Enid Blyton,"Blyton, Enid",,"=""0340796170""","=""9780340796177""",5,4.06,Hodder Children's Books,Paperback,264,2001,1944,,2017/09/22,,,read,,,,1,,,0,,,,,
17488,"Five on a Treasure Island (Famous Five, #1)",Enid Blyton,"Blyton, Enid",,"=""0340796146""","=""9780340796146""",5,4.09,Hodder,Paperback,256,2001,1942,,2017/09/22,,,read,,,,1,,,0,,,,,
29502354,Rest: Why You Get More Done When You Work Less,Alex Soojung-Kim Pang,"Pang, Alex Soojung-Kim",,"=""0465074871""","=""9780465074877""",0,3.84,Basic Books,Hardcover,320,2016,2016,,2017/09/21,to-read,to-read (#23),to-read,,,,0,,,0,,,,,
11991,The Fall,Albert Camus,"Camus, Albert",Justin O'Brien,"=""0679720227""","=""9780679720225""",0,4.04,Vintage,Paperback,147,1991,1956,,2017/09/21,,,read,,,,1,,,0,,,,,
32501,"Echo Park (Harry Bosch, #12)",Michael Connelly,"Connelly, Michael",,"=""0316734950""","=""9780316734950""",5,4.12,"Little, Brown & Company",Hardcover,405,2006,2006,,2017/09/20,,,read,,,,1,,,0,,,,,
1508177,La Forêt des ombres,Franck Thilliez,"Thilliez, Franck",,"=""2266162969""","=""9782266162968""",4,3.72,Pocket,Mass Market Paperback,365,2007,2006,,2017/09/20,,,read,,,,1,,,0,,,,,
1508176,"La Chambre des morts (Lucie Hennebelle, #1)",Franck Thilliez,"Thilliez, Franck",,"=""2266162950""","=""9782266162951""",4,3.74,Pocket,Mass Market Paperback,341,2006,2005,,2017/09/20,,,read,,,,1,,,0,,,,,
1688670,Le mystère des dieux (Cycle des dieux #3),Bernard Werber,"Werber, Bernard",,"=""2226179798""","=""9782226179791""",3,3.80,Albin Michel,Paperback,476,2007,2007,,2017/09/20,,,read,,,,1,,,0,,,,,
128666,L'ultime secret,Bernard Werber,"Werber, Bernard",,"=""2253153982""","=""9782253153986""",4,3.86,Livre de Poche,Paperback,381,2005,2001,,2017/09/20,,,read,,,,1,,,0,,,,,
1688672,Le souffle des dieux (Cycle des dieux #2),Bernard Werber,"Werber, Bernard",,"=""2226168079""","=""9782226168078""",3,3.88,Albin Michel,Paperback,535,2005,2005,,2017/09/20,,,read,,,,1,,,0,,,,,
128673,"La Révolution des fourmis (La Saga des Fourmis, #3)",Bernard Werber,"Werber, Bernard",,"=""2253144452""","=""9782253144458""",4,3.85,Le Livre de Poche,Mass Market Paperback,671,1999,1996,,2017/09/20,,,read,,,,1,,,0,,,,,
1688677,Nous les dieux (Cycle des dieux #1),Bernard Werber,"Werber, Bernard",,"=""2226154981""","=""9782226154989""",3,3.90,Albin Michel,Paperback,468,2004,2004,,2017/09/20,,,read,,,,1,,,0,,,,,
1657011,"Le Jour des fourmis (La Saga des Fourmis, #2)",Bernard Werber,"Werber, Bernard",,"=""2226061185""","=""9782226061188""",5,4.03,Albin Michel,Hardcover,463,1998,1992,,2017/09/20,,,read,,,,1,,,0,,,,,
967294,"L'Empire des anges (Cycle des anges, #2)",Bernard Werber,"Werber, Bernard",Бернар Вербер,"=""2253152072""","=""9782253152071""",4,4.07,Le Livre de Poche,Mass Market Paperback,441,2000,2000,,2017/09/20,,,read,,,,1,,,0,,,,,
122372,"Les Thanatonautes (Cycle des anges, #1)",Bernard Werber,"Werber, Bernard",,"=""225313922X""","=""9782253139225""",4,4.03,Le Livre de Poche,Mass Market Paperback,502,1996,1994,,2017/09/20,,,read,,,,1,,,0,,,,,
10037,No Exit and Three Other Plays,Jean-Paul Sartre,"Sartre, Jean-Paul","Stuart Gilbert, Lionel Abel","=""0679725164""","=""9780679725169""",0,4.10,Vintage,Paperback,275,1989,1947,,2017/09/19,to-read,to-read (#22),to-read,,,,0,,,0,,,,,
123933,No Exit,Jean-Paul Sartre,"Sartre, Jean-Paul",,"=""0573613052""","=""9780573613050""",0,4.14,"Samuel French, Inc.",Paperback,60,2010,1944,,2017/09/19,to-read,to-read (#21),to-read,,,,0,,,0,,,,,
10799,A Farewell to Arms,Ernest Hemingway,"Hemingway, Ernest",,"=""0099910101""","=""9780099910107""",0,3.80,Arrow Books,Paperback,293,2004,1929,,2017/09/19,to-read,to-read (#20),to-read,,,,0,,,0,,,,,
46170,For Whom the Bell Tolls,Ernest Hemingway,"Hemingway, Ernest","Mete Ergin, Mustafa Bahar","=""""","=""""",0,3.96,Scribner,Paperback,471,1995,1940,,2017/09/19,to-read,to-read (#19),to-read,,,,0,,,0,,,,,
238953,Das Kapital,Karl Marx,"Marx, Karl","Friedrich Engels, Serge L. Levitsky","=""089526711X""","=""9780895267115""",0,3.83,Gateway Editions,Paperback,356,1996,1867,,2017/09/19,to-read,to-read (#18),to-read,,,,0,,,0,,,,,
153908,Introduction to Quantum Mechanics,David J. Griffiths,"Griffiths, David J.",,"=""0131118927""","=""9780131118928""",0,4.24,Pearson,Hardcover,468,2004,1994,,2017/09/19,to-read,to-read (#17),to-read,,,,0,,,0,,,,,
53520,A First Course in General Relativity,Bernard Schutz,"Schutz, Bernard",,"=""0521277035""","=""9780521277037""",0,4.14,Cambridge University Press,Paperback,392,1985,1985,,2017/09/19,to-read,to-read (#16),to-read,,,,0,,,0,,,,,
211439,Modern Quantum Mechanics,J.J. Sakurai,"Sakurai, J.J.",,"=""0201539292""","=""9780201539295""",0,4.18,Pearson,Hardcover,500,1993,1985,,2017/09/19,to-read,to-read (#15),to-read,,,,0,,,0,,,,,
1508221,"Dans les bois éternels (Commissaire Adamsberg, #7)",Fred Vargas,"Vargas, Fred",,"=""2878582330""","=""9782878582338""",4,4.04,Viviane Hamy,Paperback,442,2009,2006,,2017/09/17,,,read,,,,1,,,0,,,,,
837812,Andromaque,Jean Racine,"Racine, Jean",,"=""2070409023""","=""9782070409020""",3,3.74,Gallimard,Paperback,175,1999,1667,,2017/09/13,,,read,,,,1,,,0,,,,,
2095,The Universe in a Nutshell,Stephen Hawking,"Hawking, Stephen",,"=""055380202X""","=""9780553802023""",0,4.15,Bantam,Hardcover,216,2001,2001,,2017/09/12,to-read,to-read (#14),to-read,,,,0,,,0,,,,,
14662,The Red and the Black,Stendhal,"Stendhal, Stendhal",Roger Gard,"=""0140447644""","=""9780140447644""",0,3.87,Penguin Classics,Paperback,608,2002,1830,,2017/09/12,to-read,to-read (#13),to-read,,,,0,,,0,,,,,
1305001,"L'âme du mal (La trilogie du mal, #1)",Maxime Chattam,"Chattam, Maxime",,"=""2266127039""","=""9782266127035""",4,4.07,Pocket,Mass Market Paperback,544,2003,2002,,2017/09/12,,,read,,,,1,,,0,,,,,
145292,Introduction to Electrodynamics,David J. Griffiths,"Griffiths, David J.",,"=""013805326X""","=""9780138053260""",0,4.23,Addison-Wesley Professional,Hardcover,576,1998,1981,,2017/09/12,to-read,to-read (#12),to-read,,,,0,,,0,,,,,
638371,Gravitation,Charles W. Misner,"Misner, Charles W.","Kip S. Thorne, John Archibald Wheeler","=""0716703440""","=""9780716703440""",0,4.34,W. H. Freeman,Paperback,1215,1973,1973,,2017/09/12,to-read,to-read (#10),to-read,,,,0,,,0,,,,,
22904,The Complete Stories,Franz Kafka,"Kafka, Franz","Nahum N. Glatzer, John Updike, Willa Muir, Edwin Muir, Tania Stern, James Stern, Ernst Kaiser, Eithne Wilkins","=""0805210555""","=""9780805210552""",0,4.35,Schocken,Paperback,486,1995,1946,,2017/09/12,to-read,to-read (#11),to-read,,,,0,,,0,,,,,
2767052,"The Hunger Games (The Hunger Games, #1)",Suzanne Collins,"Collins, Suzanne",,"=""0439023483""","=""9780439023481""",3,4.33,Scholastic Press,Hardcover,374,2008,2008,,2017/09/11,,,read,,,,1,,,0,,,,,
157993,The Little Prince,Antoine de Saint-Exupéry,"Saint-Exupéry, Antoine de","Richard Howard, Nguyễn Thành Vũ","=""""","=""""",4,4.30,"Harcourt, Inc.",Paperback,93,2000,1943,,2017/09/12,,,read,,,,1,,,0,,,,,
19063,The Book Thief,Markus Zusak,"Zusak, Markus",,"=""0375831002""","=""9780375831003""",0,4.37,Alfred A. Knopf,Hardcover,552,2006,2005,,2017/09/12,to-read,to-read (#2),to-read,,,,0,,,0,,,,,
822338,"Huis clos, suivi de Les mouches",Jean-Paul Sartre,"Sartre, Jean-Paul",,"=""2070368076""","=""9782070368075""",4,4.06,Folio,Mass Market Paperback,247,2000,1946,2017/09/11,2017/09/11,,,read,,,,1,,,0,,,,,
5546,The Feynman Lectures on Physics,Richard P. Feynman,"Feynman, Richard P.","Robert B. Leighton, Matthew L. Sands","=""0805390456""","=""9780805390452""",0,4.60,Addison Wesley,Hardcover,1552,2005,1964,,2017/09/11,to-read,to-read (#9),to-read,,,,0,,,0,,,,,
17961,Collected Fictions,Jorge Luis Borges,"Borges, Jorge Luis",Andrew Hurley,"=""0140286802""","=""9780140286809""",0,4.58,Penguin Classics Deluxe Edition,Paperback,565,1999,1975,,2017/09/11,to-read,to-read (#8),to-read,,,,0,,,0,,,,,
10127019,The Lean Startup: How Today's Entrepreneurs Use Continuous Innovation to Create Radically Successful Businesses,Eric Ries,"Ries, Eric",,"=""0307887898""","=""9780307887894""",5,4.08,Currency,Hardcover,299,2011,2011,,2017/09/11,,,read,,,,1,,,0,,,,,
6327,The Witches,Roald Dahl,"Dahl, Roald",Quentin Blake,"=""0590032496""","=""9780590032490""",5,4.18,Scholastic Inc.,Paperback,208,1997,1983,,2017/09/11,,,read,,,,1,,,0,,,,,
78679,The Empire of the Wolves,Jean-Christophe Grangé,"Grangé, Jean-Christophe",Ian Monk,"=""006057366X""","=""9780060573669""",4,3.88,Ecco,Paperback,384,2006,2003,,2017/09/11,,,read,,,,1,,,0,,,,,
35599546,Fourmis,Bernard Weber,"Weber, Bernard",,"=""""","=""""",5,4.18,,,,,,,2017/09/11,,,read,,,,1,,,0,,,,,
1128136,Flight of the Storks,Jean-Christophe Grangé,"Grangé, Jean-Christophe",Ian Monk,"=""1860467814""","=""9781860467813""",5,4.07,Harvill Press,Hardcover,327,2001,1994,,2017/09/11,,,read,,,,1,,,0,,,,,
2479827,"Eragon, Eldest & Brisingr (Inheritance, #1-3)",Christopher Paolini,"Paolini, Christopher",,"=""0375846158""","=""9780375846151""",3,4.22,Knopf Books for Young Readers,Hardcover,1952,2008,2008,,2017/09/11,,,read,,,,1,,,0,,,,,
46787,Uncle Tom's Cabin,Harriet Beecher Stowe,"Stowe, Harriet Beecher",,"=""""","=""""",5,3.86,Wordsworth Classics,Paperback,438,1999,1852,,2017/09/11,,,read,,,,1,,,0,,,,,
853510,"Murder on the Orient Express (Hercule Poirot, #10)",Agatha Christie,"Christie, Agatha",,"=""0007119313""","=""9780007119318""",4,4.17,HarperCollins,Paperback,347,2007,1934,,2017/09/11,,,read,,,,1,,,0,,,,,
32829,"Journey to the Center of the Earth (Extraordinary Voyages, #3)",Jules Verne,"Verne, Jules",,"=""0553213970""","=""9780553213973""",5,3.86,Bantam,Paperback,240,2006,1864,,2017/09/11,,,read,,,,1,,,0,,,,,
56083,In Dubious Battle,John Steinbeck,"Steinbeck, John",Warren G. French,"=""0143039636""","=""9780143039631""",5,3.89,Penguin Classics,Paperback,304,2006,1936,,2017/09/11,,,read,,,,1,,,0,,,,,
119324,"The Subtle Knife (His Dark Materials, #2)",Philip Pullman,"Pullman, Philip",,"=""0679879250""","=""9780679879251""",3,4.13,Knopf Books for Young Readers,Hardcover,326,1997,1997,,2017/09/11,,,read,,,,1,,,0,,,,,
119322,The Golden Compass,Philip Pullman,"Pullman, Philip",,"=""0679879242""","=""9780679879244""",3,3.97,Alfred A. Knopf Books for Young Readers,Hardcover,399,1996,1995,,2017/09/11,,,read,,,,1,,,0,,,,,
32504,"Blood Work (Terry McCaleb, #1)",Michael Connelly,"Connelly, Michael",,"=""0446690449""","=""9780446690447""",5,4.13,Grand Central Pub,Paperback,480,2002,1998,,2017/09/11,,,read,,,,1,,,0,,,,,
17470674,Fahrenheit 451,Ray Bradbury,"Bradbury, Ray",,"=""0007491565""","=""9780007491568""",5,3.98,Harper Voyager,Hardcover,227,2013,1953,,2017/09/11,,,read,,,,1,,,0,,,,,
114982,"The Ruby in the Smoke (Sally Lockhart, #1)",Philip Pullman,"Pullman, Philip",,"=""0394895894""","=""9780394895895""",3,3.77,Laurel Leaf Library,Paperback,230,1988,1985,,2017/09/11,,,read,,,,1,,,0,,,,,
43933,Tell No One,Harlan Coben,"Coben, Harlan",,"=""0440236703""","=""9780440236702""",4,4.11,Dell Publishing Company,Mass Market Paperback,370,2009,2001,,2017/09/11,,,read,,,,1,,,0,,,,,
28407,Germinal,Émile Zola,"Zola, Émile",Roger Pearson,"=""0140447423""","=""9780140447422""",4,4.13,Penguin Classics,Paperback,592,2004,1885,,2017/09/11,,,read,,,,1,,,0,,,,,
16305,"Evil Under the Sun (Hercule Poirot, #24)",Agatha Christie,"Christie, Agatha",,"=""1579126286""","=""9781579126285""",3,3.96,Black Dog & Leventhal Publishers,Hardcover,220,2006,1941,,2017/09/11,,,read,,,,1,,,0,,,,,
49353,"The Last Coyote (Harry Bosch, #4)",Michael Connelly,"Connelly, Michael",,"=""075280944X""","=""9780752809441""",5,4.23,Orion,Paperback,400,1997,1995,,2017/09/11,,,read,,,,1,,,0,,,,,
326249,Davy Crockett: Young Rifleman (Childhood of Famous Americans Series),Aileen Wells Parks,"Parks, Aileen Wells",Justin Pearson,"=""002041840X""","=""9780020418405""",3,3.92,Aladdin,Paperback,192,1986,1962,,2017/09/11,,,read,,,,1,,,0,,,,,
54479,"Around the World in Eighty Days (Extraordinary Voyages, #11)",Jules Verne,"Verne, Jules","Michael Glencross, Brian W. Aldiss","=""014044906X""","=""9780140449068""",5,3.92,Penguin Books,Paperback,252,2004,1872,,2017/09/11,,,read,,,,1,,,0,,,,,
11588,"The Shining (The Shining, #1)",Stephen King,"King, Stephen",,"=""0450040186""","=""9780450040184""",0,4.21,New English Library (Hodder & Stoughton) ,Paperback,659,1980,1977,,2017/09/11,,,read,,,,1,,,0,,,,,
264158,The Raven,Edgar Allan Poe,"Poe, Edgar Allan",Gustave Doré,"=""0486290727""","=""9780486290720""",0,4.28,Dover Publications,Paperback,64,1996,1827,,2017/09/11,,,read,,,,1,,,0,,,,,
960,"Angels & Demons (Robert Langdon, #1)",Dan Brown,"Brown, Dan",,"=""1416524797""","=""9781416524793""",4,3.89,Pocket Books,Mass Market Paperback,736,2006,2000,,2017/09/11,,,read,,,,1,,,0,,,,,
28676,American Psycho,Bret Easton Ellis,"Ellis, Bret Easton",,"=""0679735771""","=""9780679735779""",0,3.82,Vintage Contemporaries / Random House,Paperback,399,1991,1991,,2017/09/11,,,read,,,,1,,,0,,,,,
17212231,"Inferno (Robert Langdon, #4)",Dan Brown,"Brown, Dan",,"=""0385537859""","=""9780385537858""",2,3.84,Doubleday,Hardcover,463,2013,2013,,2017/09/11,,,read,,,,1,,,0,,,,,
968,"The Da Vinci Code (Robert Langdon, #2)",Dan Brown,"Brown, Dan",,"=""0307277674""","=""9780307277671""",3,3.83,Anchor,Paperback,489,2006,2003,,2017/09/11,,,read,,,,1,,,0,,,,,
18050143,"Zero to One: Notes on Startups, or How to Build the Future",Peter Thiel,"Thiel, Peter",Blake  Masters,"=""0804139296""","=""9780804139298""",5,4.16,Crown Business,Hardcover,195,2014,2014,,2017/09/11,,,read,,,,1,,,0,,,,,
18512,"The Return of the King (The Lord of the Rings, #3)",J.R.R. Tolkien,"Tolkien, J.R.R.",,"=""""","=""""",4,4.52,Del Rey,Mass Market Paperback,490,2003,1955,,2017/09/11,,,read,,,,1,,,0,,,,,
15241,"The Two Towers (The Lord of the Rings, #2)",J.R.R. Tolkien,"Tolkien, J.R.R.",Peter S. Beagle,"=""0618346260""","=""9780618346264""",4,4.44,Houghton Mifflin,Paperback,322,2003,1954,,2017/09/11,,,read,,,,1,,,0,,,,,
34,"The Fellowship of the Ring (The Lord of the Rings, #1)",J.R.R. Tolkien,"Tolkien, J.R.R.",,"=""0618346252""","=""9780618346257""",4,4.36,Houghton Mifflin Harcourt,Paperback,398,2003,1954,,2017/09/11,,,read,,,,1,,,0,,,,,
92967,L'Assommoir,Émile Zola,"Zola, Émile",Robin Buss,"=""0140447539""","=""9780140447538""",4,4.02,Penguin Books Ltd,Paperback,480,2001,1876,,2017/09/11,,,read,,,,1,,,0,,,,,
890,Of Mice and Men,John Steinbeck,"Steinbeck, John",,"=""0142000671""","=""9780142000670""",5,3.86,Penguin Books,Paperback,103,2002,1937,,2017/09/11,,,read,,,,1,,,0,,,,,
4865,How to Win Friends and Influence People,Dale Carnegie,"Carnegie, Dale",,"=""""","=""9780671723651""",0,4.19,Gallery Books,Paperback,288,1998,1936,,2017/09/11,to-read,to-read (#7),to-read,,,,0,,,0,,,,,
11,"The Hitchhiker's Guide to the Galaxy (Hitchhiker's Guide to the Galaxy, #1)",Douglas Adams,"Adams, Douglas",,"=""""","=""""",0,4.22,Del Rey Books,Mass Market Paperback,216,2005,1979,,2017/09/11,to-read,to-read (#6),to-read,,,,0,,,0,,,,,
18176747,The Hard Thing About Hard Things: Building a Business When There Are No Easy Answers,Ben Horowitz,"Horowitz, Ben",,"=""0062273205""","=""9780062273208""",0,4.24,HarperBusiness,Hardcover,304,2014,2014,,2017/09/11,to-read,to-read (#5),to-read,,,,0,,,0,,,,,
